customerID,Churn
4223-BKEOR,No
6035-RIIOM,No
3797-VTIDR,Yes
2568-BRGYX,Yes
2775-SEFEE,No
4291-SHSBH,No
4635-EJYPD,No
2607-DHDAK,No
5204-QZXPU,Yes
0221-NAUXK,No
3398-ZOUAA,Yes
1768-HNVGJ,No
5917-RYRMG,No
3858-XHYJO,No
4837-PZTIC,No
2773-MADBQ,No
1090-PYKCI,No
9479-HYNYL,No
4565-NLZBV,No
8318-LCNBW,No
9261-WDCAF,No
4909-JOUPP,No
1951-IEYXM,No
4227-OJHAL,No
1708-PBBOA,No
8746-BFOAJ,No
4145-UQXUQ,Yes
9518-XXBXE,No
9558-IHEZX,No
1707-HABPF,No
9643-AVVWI,No
3398-FSHON,Yes
9139-TWBAS,No
0929-HYQEW,No
0487-CRLZF,No
0454-OKRCT,No
2347-WKKAE,No
6663-JOCQO,No
1297-VQDRP,No
4868-AADLV,No
0788-DXBFY,No
5845-BZZIB,No
7310-EGVHZ,No
4826-TZEVA,No
4080-IIARD,No
7672-VFMXZ,No
9940-RHLFB,Yes
9117-SHLZX,Yes
7253-UVNDW,Yes
9898-KZQDZ,Yes
8559-CIZFV,Yes
2506-CLAKW,Yes
8591-TKMZH,No
4925-LMHOK,Yes
4971-PUYQO,Yes
0186-CAERR,No
6233-HXJMX,No
9367-OIUXP,No
4588-YBNIB,Yes
6467-CHFZW,Yes
8148-BPLZQ,No
0557-ASKVU,No
3354-OADJP,No
2259-OUUSZ,No
4919-IKATY,Yes
4328-VUFWD,No
8681-ICONS,No
2232-DMLXU,Yes
6447-GORXK,No
1777-JYQPJ,No
6685-GBWJZ,No
3955-JBZZM,No
5197-LQXXH,No
5993-JSUWV,No
2219-MVUSO,Yes
3158-MOERK,Yes
3594-KADLU,No
0932-YIXYU,No
8348-HFYIV,Yes
8687-BAFGU,No
7353-YOWFP,No
6837-HAEVO,No
6734-GMPVK,No
7602-DBTOU,No
9894-EZEWG,Yes
1670-SVOWZ,Yes
9142-XMYJH,No
5893-PYOLZ,No
3319-DWOEP,Yes
9514-JDSKI,Yes
7432-FFVAR,No
4329-YPDDQ,No
2860-RANUS,Yes
8696-JKZNU,Yes
1089-XZWHH,No
4831-EOBFE,Yes
4423-YLHDV,Yes
5449-FIBXJ,Yes
8144-DGHXP,No
6598-RFFVI,Yes
3096-JRDSO,Yes
5862-BRIXZ,No
1057-FOGLZ,No
9371-BITHB,No
4580-TMHJU,Yes
0178-CIIKR,No
9348-YVOMK,No
8417-FMLZI,Yes
6851-WEFYX,No
8181-YHCMF,No
7548-SEPYI,Yes
0374-IOEGQ,No
0581-BXBUB,No
9350-ZXYJC,No
8642-GVWRF,Yes
2931-SVLTV,No
5183-SNMJQ,No
7278-CKDNC,No
8024-XNAFQ,No
5480-TBGPH,Yes
7301-ABVAD,No
4678-DVQEO,Yes
9415-DPEWS,Yes
3748-FVMZZ,No
5281-BUZGT,Yes
5879-SESNB,No
1820-TQVEV,Yes
9003-CPATH,No
1268-ASBGA,Yes
6655-LHBYW,No
9227-LUNBG,Yes
9418-RUKPH,No
0537-QYZZN,No
8734-FNWVH,No
4801-KFYKL,No
8327-LZKAS,Yes
4188-PCPIG,No
1843-TLSGD,No
6906-MPARY,No
6082-OQFBA,No
3544-FBCAS,No
8034-RYTVV,No
7130-YXBRO,No
1157-BQCUW,Yes
9445-SZLCH,Yes
1399-UBQIU,No
4912-PIGUY,No
1323-OOEPC,Yes
3181-VTHOE,No
8272-ONJLV,No
3647-GMGDH,Yes
1303-SRDOK,No
7361-YPXFS,No
3359-DSRKA,No
6746-WAUWT,No
4659-NZRUF,Yes
9518-IMLHK,No
3374-LXDEV,Yes
5356-RHIPP,Yes
1122-JWTJW,Yes
0650-BWOZN,No
5546-QUERU,No
8610-ZIKJJ,No
8590-YFFQO,No
2428-HYUNX,No
7219-TLZHO,No
2649-HWLYB,No
8065-QBYTO,No
8259-DZLIZ,No
3348-CFRNX,Yes
8245-UMPYT,Yes
1555-DJEQW,Yes
7776-QGYJC,No
2828-SLQPF,No
3170-GWYKC,No
1710-RCXUS,No
2673-CXQEU,No
3838-OZURD,Yes
4859-ZSRDZ,No
5795-BKOYE,No
2851-MMUTZ,No
9752-ZNQUT,No
6972-SNKKW,No
1329-VHWNP,No
3999-QGRJH,Yes
3466-BYAVD,No
4568-TTZRT,No
4672-FOTSD,No
8851-RAGOV,No
0256-LTHVJ,Yes
5278-PNYOX,No
3132-TVFDZ,Yes
6924-TDGMT,No
2824-MYYBN,No
4289-DTDKW,Yes
0017-DINOC,No
4536-PLEQY,No
6402-EJMWF,No
1442-OKRJE,No
1459-QNFQT,No
6996-KNSML,Yes
2239-JALAW,Yes
3452-ABWRL,No
9231-ZJYAM,Yes
7153-CHRBV,No
6833-JMZYP,No
5666-CYCYZ,No
4425-OWHWB,No
1543-LLLFT,No
6581-NQCBA,Yes
8152-VETUR,No
9796-MVYXX,No
2842-JTCCU,Yes
0595-ITUDF,No
0219-QAERP,No
8226-BXGES,No
3090-HAWSU,Yes
1136-XGEQU,No
6732-FZUGP,No
3401-URHDA,No
0365-TRTPY,No
4654-DLAMQ,No
8847-GEOOQ,No
3030-ZKIWL,No
6727-IOTLZ,No
6960-HVYXR,Yes
0378-NHQXU,Yes
0565-JUPYD,No
4625-XMOYM,No
7663-ZTEGJ,No
1402-PTHGN,No
7657-DYEPJ,Yes
3523-BRGUW,No
0100-DUVFC,No
2026-TGDHM,Yes
9746-UGFAC,No
1042-HFUCW,No
1153-GNOLC,No
0576-WNXXC,Yes
6906-ANDWJ,Yes
1022-RKXDR,No
7123-WQUHX,No
5857-TYBCJ,No
7729-XBTWX,No
3978-YNKDD,No
9170-CCKOU,Yes
1475-VWVDO,No
7108-DGVUU,No
2533-QVMSK,Yes
7339-POGZN,No
6848-YLDFR,No
2898-LSJGD,Yes
3507-GASNP,No
7799-LGRDP,No
5373-SFODM,Yes
7733-UDMTP,No
2801-NISEI,No
4378-MYPGO,No
0129-KPTWJ,No
0373-AIVNJ,No
8414-OOEEL,No
8541-QVFKM,No
2931-XIQBR,No
5652-MSDEY,No
2586-CWXVV,No
8058-INTPH,Yes
2798-NYLMZ,No
0880-TKATG,Yes
9342-VNIMQ,No
7779-LGOVN,Yes
2192-CKRLV,No
6982-UQZLY,Yes
8441-SHIPE,No
8212-CRQXP,No
3009-JWMPU,Yes
0623-IIHUG,Yes
2632-IVXVF,No
0655-RBDUG,Yes
1867-TJHTS,No
0027-KWYKW,No
1131-QQZEB,No
5651-CRHKQ,No
1371-DWPAZ,No
1194-BHJYC,No
0572-ZJKLT,No
2928-HLDBA,No
2645-QTLMB,Yes
0491-KAPQG,No
3793-MMFUH,Yes
0578-SKVMF,Yes
1025-FALIX,No
7880-XSOJX,No
5799-JRCZO,No
0495-ZBNGW,Yes
9970-QBCDA,No
7271-AJDTL,No
7833-PKIHD,No
5791-KAJFD,No
8499-BRXTD,No
0853-TWRVK,No
4456-RHSNB,No
9809-IMGCQ,Yes
2073-QBVBI,No
1257-SXUXQ,No
6169-PGNCD,No
2692-BUCFV,No
1644-IRKSF,Yes
1304-SEGFY,No
9777-WJJPR,No
5732-IKGQH,No
1757-TCATG,No
8314-HTWVE,No
2087-QAREY,No
4229-CZMLL,Yes
4940-KHCWD,No
1834-WULEG,No
6360-SVNWV,No
5226-NOZFC,No
1062-LHZOD,Yes
1106-HRLKZ,No
7094-MSZAO,No
0613-WUXUM,No
8806-EAGWC,Yes
6769-DYBQN,Yes
2408-TZMJL,Yes
1996-DBMUS,No
6323-AYBRX,Yes
1432-FPAXX,Yes
4160-AMJTL,Yes
3352-RICWQ,No
2680-XKKNJ,No
8182-BJDSI,Yes
1389-WNUIB,No
4612-THJBS,Yes
1530-ZTDOZ,No
5842-POCOP,Yes
9492-TOKRI,Yes
0795-LAFGP,No
0611-DFXKO,Yes
8035-BUYVG,Yes
6620-JDYNW,No
8590-OHDIW,No
5897-ZYEKH,No
5084-OOVCJ,No
1740-CSDJP,Yes
2696-RZVZW,No
9450-TRJUU,No
4581-SSPWD,Yes
4813-HQMGZ,No
4903-CNOZC,No
0822-GAVAP,Yes
3055-OYMSE,No
7242-QZLXF,Yes
8325-QRPZR,No
7874-ECPQJ,No
2476-YGEFM,No
2276-YDAVZ,Yes
0661-XEYAN,Yes
1397-XKKWR,No
9249-FXSCK,Yes
4718-WXBGI,No
0486-HECZI,Yes
7291-CDTMJ,No
7196-LIWRH,No
0625-AFOHS,No
5656-MJEFC,No
5640-CAXOA,No
3946-MHCZW,Yes
8374-UULRV,No
2108-YKQTY,Yes
2862-PFNIK,No
2856-HYAPG,Yes
3707-GNWHM,Yes
2363-BJLSL,No
3663-MITLP,Yes
3373-YZZYM,No
5848-FHRFC,No
0840-DFEZH,No
5879-HMFFH,No
4723-BEGSG,No
3976-BWUCK,Yes
7120-RFMVS,Yes
8292-FRFZQ,No
9480-BQJEI,No
4350-ZTLPI,No
3763-GCZHZ,Yes
1658-XUHBX,No
2507-QZPQS,No
0564-JJHGS,Yes
9750-BOOHV,No
8773-HHUOZ,Yes
1335-MXCSE,No
6029-CSMJE,No
8707-RMEZH,No
0771-CHWSK,No
3703-KBKZP,No
9477-LGWQI,No
4893-GYUJU,No
2393-DIVAI,No
0872-JCPIB,No
9909-IDLEK,No
4086-WITJG,No
2874-YXVVA,No
0057-QBUQH,No
4676-MQUEA,No
0580-PIQHM,No
5243-SAOTC,No
8347-GDTMP,No
5012-YSPJJ,No
5288-AHOUP,No
7488-MXJIV,Yes
9867-XOBQA,No
2511-ALLCS,No
5578-NKCXI,No
1223-UNPKS,No
9087-EYCPR,No
5924-SNGKP,No
1101-SSWAG,No
0082-LDZUE,No
2003-CKLOR,Yes
0679-IDSTG,Yes
7729-JTEEC,No
1550-LOAHA,Yes
8336-TAVKX,No
9114-VEPUF,No
2688-BHGOG,No
2038-OEQZH,No
4767-HZZHQ,No
0093-XWZFY,Yes
5519-TEEUH,No
1088-CNNKB,No
1813-JLKWR,No
4566-NECEV,No
1009-IRMNA,Yes
7410-OIEDU,No
7549-MYGPK,Yes
0056-EPFBG,No
5032-USPKF,No
6723-WSNTY,No
1195-OIYEJ,Yes
7964-YESJC,No
5995-SNNEW,No
9904-EHEVJ,No
7876-AEHIG,No
4933-BSAIP,No
2978-XXSOG,No
2585-KTFRE,No
4847-TAJYI,No
6141-OOXUQ,Yes
8189-DUKMV,No
7752-XUSCI,Yes
4334-HOWRP,No
4445-KWOKW,No
0541-FITGH,No
8039-EQPIM,No
6474-FVJLC,Yes
3776-EKTKM,Yes
7036-ZZKBD,No
6696-YDAYZ,No
6040-CGACY,No
3006-XIMLN,Yes
7668-XCFYV,No
6101-IMRMM,Yes
7839-NUIAA,No
7302-ZHMHP,No
7661-CPURM,No
5583-EJXRD,No
7055-JCGNI,No
8946-BFWSG,No
7636-PEPNS,No
7619-PLRLP,No
2478-EEWWM,No
6305-YLBMM,Yes
4429-WYGFR,No
6064-PUPMC,No
1097-FSPVW,No
9058-CBREO,Yes
9239-ZBZZV,Yes
9084-OAYKL,No
5299-SJCZT,Yes
5231-FIQPA,No
7670-ZBPOQ,No
8749-JMNKX,Yes
2067-QYTCF,No
3129-AAQOU,No
1036-GUDCL,No
5375-XLDOF,No
3191-CSNMG,No
3874-EQOEP,Yes
7517-SAWMO,Yes
2609-IAICY,Yes
2632-TACXW,No
3334-CTHOL,Yes
6513-EECDB,Yes
4945-RVMTE,No
9589-ABEPT,No
4248-HCETZ,Yes
1862-SKORY,Yes
1135-LMECX,No
7881-INRLC,Yes
7163-OCEQI,No
7634-HLQJR,No
4986-MXSFP,No
8066-POXGX,Yes
5025-GOOKI,No
6425-JWTDV,No
8402-EIVQS,No
1325-USMEC,No
4049-ZPALD,No
6393-WRYZE,Yes
1971-DTCZB,No
1684-FLBGS,No
7508-SMHXL,No
8429-XIBUM,Yes
6061-GWWAV,No
5680-LQOGP,No
6050-IJRHS,No
0363-SVHYR,No
6997-UVGOX,No
5858-EAFCZ,No
3583-EKAPL,Yes
7764-BDPEE,No
1685-BQULA,No
3329-WDIOK,Yes
1240-HCBOH,No
2122-YWVYA,No
2164-SOQXL,No
9306-CPCBC,Yes
8975-SKGRX,No
2894-QOJRX,Yes
8189-XRIKE,No
0506-YLVKJ,No
2007-QVGAW,No
0253-ZTEOB,No
4629-NRXKX,Yes
8268-YDIXR,No
1569-TTNYJ,Yes
4090-KPJIP,No
5312-IRCFR,No
9224-VTYID,No
3796-ENZGF,No
0098-BOWSO,No
1732-VHUBQ,Yes
5075-JSDKI,No
0620-XEFWH,No
0164-APGRB,No
9987-LUTYD,No
5067-XJQFU,No
6223-DHJGV,No
0114-RSRRW,No
2656-FMOKZ,Yes
6568-POCUI,No
7445-WMRBW,No
2209-XADXF,No
2523-EWWZL,No
4903-UYAVB,Yes
2294-SALNE,No
2460-NGXBJ,No
4238-JSSWH,No
6352-GIGGQ,No
5524-KHNJP,No
9127-FHJBZ,No
1360-XFJMR,No
6147-CBCRA,No
4565-EVZMJ,No
0011-IGKFF,Yes
7989-VCQOH,No
0378-CJKPV,No
8999-BOHSE,Yes
5533-NHFRF,No
6627-CFOSN,No
1641-RQDAY,No
2143-LJULT,No
1142-IHLOO,No
2931-VUVJN,No
1116-FRYVH,No
8051-HJRLT,Yes
9347-AERRL,No
2037-SGXHH,Yes
8748-HFWBO,No
7576-OYWBN,Yes
2675-DHUTR,No
6844-DZKRF,No
0867-LDTTC,No
0019-EFAEP,No
6689-VRRTK,No
2332-EFBJY,Yes
5311-IHLEI,No
2990-HWIML,Yes
7134-HBPBS,No
6510-UPNKS,No
9565-JSNFM,Yes
3946-JEWRQ,No
8540-ZQGEA,No
7718-RXDGG,No
5609-CEBID,Yes
7916-VCCPB,No
6457-GIRWB,Yes
6366-ZGQGL,Yes
5310-NOOVA,No
0727-BNRLG,No
6172-FECYY,Yes
5944-UGLLK,No
1015-JPFYW,No
3982-XWFZQ,Yes
4316-XCSLJ,No
9050-IKDZA,No
6728-DKUCO,No
0536-BGFMZ,No
8992-JQYUN,Yes
3540-RZJYU,Yes
5481-NTDOH,No
0897-FEGMU,Yes
2530-FMFXO,No
8467-WYNSR,No
4976-LNFVV,No
1051-EQPZR,No
4307-KWMXE,No
1769-GRUIK,No
4774-HHGGS,No
4501-VCPFK,No
5089-IFSDP,Yes
9526-BIHHD,Yes
5174-RNGBH,Yes
3696-XRIEN,No
6174-NRBTZ,No
8660-BUETV,No
1596-OQSPS,No
7147-AYBAA,No
0156-FVPTA,Yes
3873-WOSBC,No
8048-DSDFQ,No
5939-XAIXZ,No
0709-TVGUR,Yes
4686-GEFRM,No
1845-ZLLIG,No
8350-NYMVI,No
5028-GZLDO,Yes
1125-SNVCK,No
7319-VENRZ,No
3165-HDOEW,Yes
1095-WGNGG,No
6959-UWKHF,Yes
0093-EXYQL,No
3612-YVGSJ,No
8565-CLBZW,Yes
8967-SZQAS,No
7789-CRUVC,No
0134-XWXCE,No
0505-SPOOW,No
7801-KICAO,No
7603-USHJS,Yes
9659-ZTWSM,No
8434-VGEQQ,No
7621-VPNET,No
1732-FEKLD,No
3195-TQDZX,No
1122-YJBCS,No
6184-DYUOB,No
6711-FLDFB,Yes
5821-MMEIL,No
9685-WKZGT,Yes
4905-JEFDW,Yes
6260-XLACS,No
8597-CWYHH,No
3658-QQJYD,No
2180-DXNEG,Yes
7266-GSSJX,No
5438-QMDDL,No
4393-RYCRE,No
7072-MBHEV,No
9675-ICXCT,No
6680-NENYN,Yes
1449-XQEMT,Yes
6458-CYIDZ,No
1142-WACZW,Yes
3301-VKTGC,No
5244-IRFIH,Yes
4718-DHSMV,No
1891-FZYSA,Yes
1469-LBJQJ,No
4115-BNPJY,No
4608-LCIMN,No
5456-ITGIC,No
1767-TGTKO,No
2325-WINES,No
8129-GMVGI,No
0940-OUQEC,Yes
2348-KCJLT,No
0461-CVKMU,Yes
1215-VFYVK,No
4072-IPYLT,No
6173-ITPWD,Yes
7389-KBFIT,No
0731-EBJQB,No
7330-WZLNC,Yes
9055-MOJJJ,No
9992-UJOEL,No
8388-DMKAE,No
2619-WFQWU,Yes
7851-FLGGQ,Yes
7139-JZFVG,No
3771-PZOBW,No
3733-ZEECP,No
4906-ZHGPK,No
7439-DKZTW,No
2592-HODOV,No
7826-VVKWT,No
1658-TJVOA,No
2439-LYPMQ,No
7596-LDUXP,No
4524-QCSSM,No
7816-VGHTO,No
3092-IGHWF,Yes
6646-QVXLR,Yes
9074-KGVOX,No
5360-XGYAZ,No
0354-WYROK,Yes
9778-OGKQZ,No
4139-JPIAM,No
3727-JEZTU,No
3882-IYOIJ,No
4335-UPJSI,No
7760-OYPDY,Yes
7786-WBJYI,Yes
4102-HLENU,No
7718-UPSKJ,No
4110-PFEUZ,Yes
3768-VHXQO,No
3027-ZTDHO,Yes
4833-QTJNO,No
0141-YEAYS,No
9822-WMWVG,No
3612-YUNGG,No
7665-TOALD,Yes
5027-XWQHA,Yes
9443-JUBUO,No
2325-ZUSFD,Yes
6953-PBDIN,No
3247-ZVOUO,Yes
6629-CZTTH,Yes
2176-LVPNX,No
9505-SQFSW,No
1705-GUHPV,No
7978-DKUQH,No
7608-RGIRO,No
3807-BPOMJ,No
1960-UOTYM,No
9560-ARGQJ,Yes
5294-DMSFH,No
2485-ITVKB,Yes
7967-HYCDE,No
2135-DQWAQ,No
5396-IZEPB,No
6022-UGGSO,Yes
7971-HLVXI,No
7021-XSNYE,No
1986-PHGZF,No
5118-MUEYH,No
3841-NFECX,No
3494-JCHRQ,Yes
5440-VHLUL,No
3154-HMWUU,No
0616-ATFGB,Yes
2607-FBDFF,No
3717-LNXKW,No
1336-EZFZY,No
7954-MLBUN,No
6646-JPPHA,No
0013-SMEOE,No
9878-TNQGW,Yes
9777-IQHWP,No
0570-BFQHT,No
5285-MVEHD,No
9093-FPDLG,No
2848-YXSMW,No
0970-QXPXW,No
2522-AHJXR,No
9373-WSLOY,No
4277-BWBML,No
6156-UZDLF,No
0378-TOVMS,Yes
2436-QBZFP,No
3402-XRIUO,No
4929-BSTRX,Yes
0285-INHLN,No
4501-EQDRN,Yes
0337-CNPZE,Yes
2272-QAGFO,Yes
5027-QPKTE,Yes
5423-BHIXO,No
1338-CECEE,No
2718-GAXQD,Yes
4521-WFJAI,No
3336-JORSO,Yes
5485-WUYWF,Yes
8868-WOZGU,Yes
7246-ZGQDF,No
2967-MXRAV,No
4512-ZUIYL,Yes
8361-LTMKD,Yes
2697-NQBPF,No
6872-HXFNF,No
1386-ZIKUV,No
2330-PQGDQ,No
1930-BZLHI,No
2999-AANRQ,No
5198-EFNBM,No
8185-UPYBR,Yes
5780-INQIK,No
6791-YBNAK,No
5931-FLJJF,Yes
6131-FOYAS,No
5985-TBABQ,No
4998-IKFSE,No
0980-FEXWF,No
6075-SLNIL,No
7279-BUYWN,Yes
5337-IIWKZ,No
3605-JISKB,No
2267-WTPYD,No
6797-UCJHZ,No
2716-GFZOR,No
5393-HJZSM,No
8203-XJZRC,No
7013-PSXHK,No
5312-UXESG,No
6741-EGCBI,No
6204-IEUXJ,Yes
6353-BRMMA,No
2344-JMOGN,Yes
2077-MPJQO,No
8091-TTVAX,No
6900-RBKER,No
8319-QBEHW,No
9860-LISIZ,No
5206-XZZQI,No
9529-OFXHY,No
1725-MIMXW,Yes
4324-AHJKS,No
2133-TSRRM,No
2809-ZMYOQ,No
4032-RMHCI,No
8409-WQJUX,No
1536-YHDOE,No
1140-UKVZG,No
2987-BJXIK,No
3653-NCRDJ,No
9365-CSLBQ,No
8263-JQAIK,Yes
3452-SRFEG,No
5985-BEHZK,No
4993-JCRGJ,No
1133-KXCGE,No
6521-YYTYI,Yes
6158-DWPZT,Yes
2305-MRGLV,No
7293-LSCDV,No
2958-NHPPS,No
2154-KVJFF,Yes
2038-YSEZE,No
2418-TPEUN,No
1877-HKBQX,No
1544-JJMYL,No
5583-SXDAG,Yes
8646-JCOMS,No
6048-QBXKL,No
8999-EXMNO,No
6242-SGYTS,No
4626-OZDTJ,No
4024-CSNBY,No
4112-LUEIZ,Yes
6252-DFGTK,No
4422-QVIJA,No
7766-CLTIC,No
1934-SJVJK,Yes
5260-UMPWX,No
4291-TPNFG,No
4803-AXVYP,Yes
8784-CGILN,Yes
9150-HEPMB,No
8570-KLJYJ,No
9054-FOWNV,No
0960-HUWBM,No
1134-YWTYF,No
3002-WQZWT,No
2660-EMUBI,Yes
2786-GCDPI,No
3914-FDRHP,No
0269-XFESX,No
7619-ODSGN,Yes
2043-WVTQJ,No
0384-RVBPI,No
0378-XSZPU,Yes
5529-GIBVH,No
7322-OCWHC,No
8735-IJJEG,No
8050-XGRVL,No
4846-WHAFZ,Yes
6907-CQGPN,No
3970-XGJDU,No
8631-WUXGY,No
7218-HKQFK,Yes
6212-ATMLK,No
8625-AZYZY,Yes
7740-BTPUX,No
8869-LIHMK,No
4951-UKAAQ,Yes
6624-JDRDS,No
9248-OJYKK,Yes
0513-RBGPE,No
3836-FZSDJ,No
1301-LOPVR,No
7479-NITWS,Yes
3312-UUMZW,No
0060-FUALY,No
2985-JUUBZ,No
5016-ETTFF,Yes
1998-VHJHK,No
1925-TIBLE,Yes
0485-ZBSLN,No
4817-QRJSX,Yes
7299-GNVPL,No
0945-TSONX,No
6859-RKMZJ,No
4177-JPDFU,No
4459-BBGHE,No
5196-SGOAK,Yes
0103-CSITQ,No
7206-PQBBZ,No
7727-SHVZV,No
2608-BHKFN,Yes
4860-IJUDE,No
9509-MPYOD,No
3813-DHBBB,No
8672-OAUPW,No
9564-KCLHR,Yes
8659-IOOPU,No
3312-ZWLGF,No
8267-ZNYVZ,Yes
0305-SQECB,No
7018-WBJNK,No
8922-NPKBJ,No
7421-ZLUPA,No
6982-SSHFK,Yes
9031-ZVQPT,No
0178-SZBHO,No
3370-GQEAL,No
3584-WKTTW,No
0848-ZGQIJ,No
6116-RFVHN,No
5229-PRWKT,Yes
8237-ULIXL,No
3915-ODIYG,No
5914-XRFQB,No
6476-EPYZR,No
9227-YBAXE,No
2171-UDMFD,No
3351-NQLDI,Yes
7838-LAZFO,No
7131-ZQZNK,No
9822-OAOVB,No
5614-DNZCE,No
7943-RQCHR,Yes
9840-EFJQB,No
7089-RKVSZ,No
2962-XPMCQ,Yes
9081-WWXKP,No
2982-IHMFT,Yes
3069-SSVSN,No
2968-SSGAA,Yes
3417-TSCIC,No
5320-BRKGK,No
1345-ZUKID,No
0750-EKNGL,No
5685-IIXLY,Yes
0516-VRYBW,Yes
1069-QJOEE,No
3174-AKMAS,No
2207-NHRJK,Yes
0623-GDISB,No
7570-WELNY,No
6954-OOYZZ,No
6496-JDSSB,No
2616-FLVQC,No
2865-TCHJW,Yes
4671-VJLCL,No
4525-VZCZG,No
0536-ESJEP,No
0270-THENM,No
1636-NTNCO,No
1227-UDMZR,No
9000-PLFUZ,No
6319-IEJWJ,Yes
9112-WSNPU,No
3097-NNSPB,Yes
1853-ARAAQ,No
4559-UWIHT,No
5240-IJOQT,Yes
5642-MHDQT,No
7926-IJOOU,No
5567-GZKQY,No
4256-ZWTZI,No
0678-RLHVP,No
6469-QJKZW,No
6988-CJEYV,No
3703-VAVCL,Yes
3750-CKVKH,Yes
6424-ELEYH,Yes
4626-GYCZP,Yes
2599-CZABP,No
7780-OTDSO,Yes
5022-KVDQT,No
8232-CTLKO,No
5129-HHMZC,No
6993-YGFJV,No
3144-KMTWZ,No
5371-VYLSX,No
4163-HFTUK,No
7336-RLLRH,No
1403-GYAFU,No
4713-LZDRV,Yes
1213-NGCUN,Yes
4523-WXCEF,Yes
5747-PMBSQ,Yes
4021-RQSNY,Yes
6621-YOBKI,No
4094-NSEDU,Yes
6341-AEVKX,No
6479-SZPLM,No
6776-TLWOI,Yes
0106-UGRDO,No
4030-VPZBD,Yes
3106-ULWFW,Yes
1078-TDCRN,No
7359-PTSXY,Yes
4315-MURBD,Yes
4360-PNRQB,No
6344-SFJVH,No
7854-EDSSA,Yes
1809-DMJHQ,Yes
1535-VTJOQ,No
9091-WTUUY,No
6559-PDZLR,No
9090-SGQXL,Yes
2525-GVKQU,No
2519-TWKFS,No
5044-XDPYX,No
4646-QZXTF,No
5986-WWXDV,No
1027-LKKQQ,No
1194-HVAIF,No
9711-FJTBX,No
7416-CKTEP,No
6591-QGOYB,No
5909-ECHUI,Yes
7601-GNDYK,No
5924-IFQTT,No
2984-RGEYA,No
9374-YOLBJ,No
0927-LCSMG,Yes
8628-MFKAX,No
7938-OUHIO,Yes
7470-DYNOE,No
2240-HSJQD,No
2674-MIAHT,No
8390-FESFV,No
2273-QCKXA,No
0239-OXEXL,No
0228-MAUWC,No
9297-EONCV,No
9650-VBUOG,No
5569-IDSEY,No
3473-XIIIT,Yes
6425-YQLLO,Yes
0094-OIFMO,Yes
7233-PAHHL,No
5213-TWWJU,No
3751-KTZEL,Yes
3831-YCPUO,No
2892-GESUL,No
9732-OUYRN,No
2080-CAZNM,No
0515-YPMCW,Yes
1989-PRJHP,Yes
3675-EQOZA,No
2144-ESWKO,No
9308-ANMVE,No
8885-QSQBX,No
9474-PHLYD,Yes
1077-HUUJM,No
4881-GQJTW,No
3503-TYDAY,No
2683-BPJSO,Yes
4163-NCJAK,No
2229-VWQJH,No
5294-CDGWY,Yes
7781-EWARA,No
3566-VVORZ,No
7526-IVLYU,No
8058-JMEQO,Yes
9938-EKRGF,No
0480-KYJVA,No
2495-TTHBQ,No
7663-YJHSN,No
7665-VIGUD,No
6235-VDHOM,Yes
7994-UYIVZ,No
6712-OAWRH,Yes
2077-DDHJK,No
4697-LUPSU,No
3488-PGMQJ,Yes
0030-FNXPP,No
0952-KMEEH,Yes
7594-LZNWR,No
0769-MURVM,No
8706-HRADD,No
2873-ZLIWT,Yes
8208-EUMTE,No
6933-FHBZC,No
5536-RTPWK,Yes
3764-MNMOI,No
5442-XSDCW,Yes
5766-FTRTS,No
6961-MJKBO,No
5510-BOIUJ,Yes
6917-YACBP,No
6461-SZMCV,No
7632-YUTXB,No
8915-NNTRC,No
9700-ZCLOT,No
4808-YNLEU,No
3324-OIRTO,No
6583-KQJLK,No
6870-ECSHE,No
6985-HAYWX,No
4184-TJFAN,Yes
4039-PIMHX,No
0064-YIJGF,No
1763-WQFUK,No
1094-BKOSX,No
5370-IIVVL,No
1488-PBLJN,No
0516-UXRMT,No
8510-TMWYB,No
6967-QIQRV,No
1349-WXNGG,Yes
1768-ZAIFU,Yes
0336-KXKFK,No
8080-POTJR,No
2190-BCXEC,No
6253-GNHWH,No
2011-TRQYE,Yes
4987-GQWPO,No
4735-BJKOU,No
2499-AJYUA,No
3936-QQFLL,No
3251-YMVWZ,No
8879-XUAHX,No
2604-IJPDU,No
4320-QMLLA,No
5609-IMCGG,No
1820-DJFPH,No
8859-AXJZP,No
3284-SVCRO,No
8739-XNIKG,No
6810-VCAEX,No
4396-KLSEH,No
9079-LWTFD,No
9921-EZKBY,No
8404-VLQFB,No
0130-SXOUN,No
8780-IXSTS,Yes
3824-RHKVR,No
2359-KLTEK,No
1091-SOZGA,No
2155-AMQRX,No
3704-IEAXF,No
7312-XSBAT,No
4010-YLMVT,No
5915-ANOEI,No
8679-LZBMD,No
2372-HWUHI,Yes
7162-WPHPM,No
8822-KNBHV,No
0315-LVCRK,No
8263-QMNTJ,No
0526-SXDJP,No
5201-USSQZ,No
4132-POCZS,No
9257-AZMTZ,No
5447-VYTKW,No
5960-WPXQM,Yes
2826-UWHIS,No
7251-XFOIL,No
6923-JHPMP,No
1373-ORVIZ,Yes
8220-OCUFY,No
9488-HGMJH,Yes
2446-BEGGB,Yes
5781-RFZRP,No
0973-KYVNF,No
3740-RLMVT,No
5837-LXSDN,No
0404-AHASP,No
1934-MKPXS,No
3049-SOLAY,Yes
8914-RBTSB,Yes
1925-LFCZZ,No
8372-JUXUI,Yes
5863-OOKCL,No
8262-COGGB,No
3320-VEOYC,No
1096-ADRUX,No
5668-MEISB,No
4801-JZAZL,No
6578-KRMAW,No
8884-ADFVN,Yes
6933-VLYFX,No
4825-XJGDM,No
1846-XWOQN,Yes
8089-UZWLX,No
5940-AHUHD,Yes
0432-CAJZV,No
3249-ZPQRG,Yes
6726-WEXXK,No
2984-AFWNC,No
9122-UMROB,No
0238-WHBIQ,No
2405-LBMUW,No
5153-LXKDT,No
3007-FDPEA,No
2791-SFVEW,No
6265-FRMTQ,No
6680-WKXRZ,Yes
3174-RKMOW,No
0829-DDVLK,No
1415-YFWLT,Yes
7599-FKVXZ,Yes
5692-FPTAH,Yes
0020-INWCK,No
3170-NMYVV,No
8807-OPMBM,No
3557-HTYWR,No
7552-KEYGT,No
6061-PQHMK,No
6907-NZZIJ,Yes
2252-ISRNH,No
0481-SUMCB,No
4737-HOBAX,No
3780-YVMFA,No
8908-NMQTX,No
2955-BJZHG,Yes
9776-CLUJA,Yes
9030-QGZNL,No
0268-QKIWO,Yes
1555-HAPSU,No
6435-VWCCY,No
1320-GVNHT,No
5275-PMFUT,No
2988-QRAJY,No
7274-CGTOD,No
0442-ZXKVS,No
1407-DIGZV,No
9069-LGEUL,No
9046-DQMTP,No
6075-QMNRR,No
5091-HFAZW,No
9135-HSWOC,No
7365-BVCJH,No
4450-MDZFX,No
7384-GHBPI,Yes
0392-BZIUW,No
3916-NRPAP,No
1744-JHKYS,No
2842-BCQGE,No
7134-MJPDY,No
5555-RNPGT,No
0520-FDVVT,Yes
0670-KDOMA,No
0655-YDGFJ,No
8329-GWVPJ,No
8816-VXNZD,Yes
0895-LMRSF,No
9283-LZQOH,Yes
9577-WJVCQ,No
4452-ROHMO,No
4682-BLBUC,No
9812-GHVRI,No
7601-DHFWZ,No
0817-HSUSE,No
4598-ZADCK,No
7883-ROJOC,No
6145-NNPNO,No
9738-QLWTP,No
9154-QDGTH,No
9430-FRQOC,Yes
7998-WNZEM,No
2195-ZRVAX,Yes
9722-UJOJR,Yes
8224-UAXBZ,No
8614-VGMMV,Yes
2904-GGUAZ,No
6397-JNZZG,Yes
4598-XLKNJ,Yes
8739-QOTTN,No
1635-FJFCC,No
1794-SWWKL,No
0486-LGCCH,No
6509-TSGWN,No
4078-SAYYN,Yes
7088-FBAWU,No
5268-DSMNQ,No
1666-JZPZT,No
9621-OUPYD,No
0608-JDVEC,No
0979-PHULV,Yes
9891-NQDBD,No
6169-PPETC,No
8873-TMKGR,No
4832-VRBMR,No
2878-DHMIN,No
6582-PLFUU,No
3859-CVCET,Yes
2040-LDIWQ,No
3511-APPBJ,No
3865-QBWSJ,No
5019-GQVCR,No
5197-YPYBZ,No
4837-QUSFT,No
0916-QOFDP,No
6331-EWIEB,Yes
5181-OABFK,No
6743-HHQPF,No
1391-UBDAR,No
7314-OXENN,Yes
1465-WCZVT,No
3428-XZMAZ,Yes
1093-YSWCA,No
1230-QAJDW,No
8605-ITULD,No
2181-TIDSV,No
1722-LDZJS,No
5298-GSTLM,No
4274-DRSQT,No
9473-CBZOP,No
6705-LXORM,No
2778-OCLGR,Yes
5906-CVLHP,Yes
6137-NICCO,No
8348-JLBUG,No
1930-WNXSB,No
6015-VVHHE,Yes
7869-ZYDST,No
0939-YAPAF,Yes
9294-TDIPC,No
6692-YQHXC,No
8999-XXGNS,No
1150-FTQGN,No
6651-RLGGM,No
5684-FJVYR,No
9447-YPTBX,No
2740-JFBOK,No
6108-OQZDQ,Yes
0722-TROQR,Yes
2504-DSHIH,No
6229-LSCKB,No
9169-BSVIN,No
9512-PHSMG,No
1319-YLZJG,No
0628-CNQRM,Yes
2452-SNHFZ,No
7079-QRCBC,Yes
0866-QLSIR,Yes
6549-YMFAW,No
0618-XWMSS,Yes
2954-PIBKO,No
4450-YOOHP,No
1258-YMZNM,No
5857-XRECV,No
7298-IZWLY,No
8079-XRJRS,Yes
3482-ABPKK,No
7613-LLQFO,Yes
0390-DCFDQ,Yes
2640-PMGFL,Yes
7008-LZVOZ,No
7921-BEPCI,No
2205-LPVGL,No
3811-VBYBZ,Yes
2979-SXESE,Yes
1299-AURJA,No
9244-ZVAPM,No
8592-PLTMQ,No
3537-HPKQT,No
0549-CYCQN,No
4548-SDBKE,Yes
1557-EMYVT,No
7056-IMHCC,Yes
9625-RZFUK,No
2346-CZYIL,No
5760-WRAHC,No
4369-HTUIF,Yes
5898-IGSLP,No
2250-IVBWA,No
5324-KTGCG,No
8819-WFGGJ,No
9108-EJFJP,No
7426-GSWPO,No
3234-VKACU,No
5522-JBWMO,No
1104-FEJAM,No
5067-DGXLL,No
3398-GCPMU,No
3736-BLEPA,No
2696-ECXKC,No
2296-DKZFP,No
9971-ZWPBF,No
2634-HCZGT,Yes
7696-CFTAT,No
2189-WWOEW,Yes
5702-KVQRD,No
4343-EJVQB,No
3022-BEXHZ,No
2279-AXJJK,No
8213-TAZPM,No
6778-EICRF,No
2272-UOINI,No
7452-FOLON,No
1215-EXRMO,No
9571-EDEBV,No
0854-UYHZD,No
8992-CEUEN,No
0082-OQIQY,No
0822-QGCXA,No
5306-BVTKJ,No
2472-OVKUP,Yes
8097-OMULG,No
1421-HCERK,No
5918-VUKWP,No
3318-NMQXL,No
6921-OZMFH,No
9415-ZNBSX,No
5542-TBBWB,No
7401-JIXNM,No
1452-UZOSF,No
0531-XBKMM,No
5154-VEKBL,Yes
2516-XSJKX,No
4782-OSFXZ,No
9351-HXDMR,No
8309-PPCED,No
8802-UNOJF,Yes
7753-USQYQ,No
4822-LPTYJ,No
3761-FLYZI,No
4636-QRJKY,Yes
3376-BMGFE,Yes
5445-PZWGX,Yes
6857-TKDJV,No
1567-DSCIC,Yes
8544-JNBOX,No
5386-THSLQ,No
6331-LWDTQ,Yes
9360-AHGNL,Yes
2150-UWTFY,Yes
1508-DFXCU,No
6143-JQKEA,No
7801-CEDNV,No
2717-HVIZY,No
0064-SUDOG,No
6164-HAQTX,No
1228-FZFRV,Yes
1679-JRFBR,No
1919-RTPQD,No
7641-EUYET,Yes
2720-FVBQP,No
8035-PWSEV,No
3547-LQRIK,No
0376-OIWME,No
0325-XBFAC,Yes
2292-XQWSV,No
2252-JHJGE,No
6176-YJWAS,No
6383-ZTSIW,No
4365-MSDYN,No
1455-ESIQH,Yes
4664-NJCMS,No
4911-BANWH,Yes
7394-FKDNK,Yes
8285-ABVLB,No
4644-OBGFZ,No
8410-BGQXN,No
4091-TVOCN,No
7157-SMCFK,No
9799-CAYJJ,No
3683-QKIUE,Yes
3538-WZPHD,Yes
8205-OTCHB,Yes
7674-YTAFD,No
1571-SAVHK,Yes
1779-PWPMG,No
3969-JQABI,No
3313-QKNKB,Yes
9086-YJYXS,No
1248-DYXUB,No
0621-TWIEM,Yes
8679-JOEVF,Yes
3424-NMNBO,Yes
7209-JCUDS,Yes
7952-OBOYL,No
7876-DNYAP,No
6549-NNDYT,No
5419-KLXBN,Yes
5028-HTLJB,Yes
1541-ETJZO,Yes
6999-CHVCF,No
5167-ZFFMM,Yes
6326-MTTXK,Yes
4195-NZGTA,No
5619-PTMIK,No
3932-IJWDZ,No
7089-IVVAZ,Yes
3387-VATUS,Yes
5482-VXSXJ,No
2386-OWURY,No
2625-TRCZQ,No
9039-RBEEE,Yes
6765-MBQNU,No
0843-WTBXE,Yes
1448-PWKYE,Yes
6317-YPKDH,Yes
2027-CWDNU,No
2068-WWXQZ,No
6110-OHIHY,Yes
3945-GFWQL,Yes
8645-KWHJO,No
2815-CPTUL,Yes
0516-OOHAR,No
0397-GZBBC,Yes
3580-REOAC,Yes
8200-KLNYW,No
3317-HRTNN,Yes
9108-EQPNQ,No
3420-ZDBMA,No
0727-IWKVK,Yes
8168-UQWWF,Yes
8313-AFGBW,No
6351-SCJKT,No
0231-LXVAP,Yes
8328-SKJNO,No
4385-GZQXV,Yes
9513-DXHDA,No
7225-IILWY,No
2969-QWUBZ,No
2739-CCZMB,No
9943-VSZUV,No
4549-ZDQYY,No
9885-AIBVB,No
2262-SLNVK,No
9408-SSNVZ,Yes
0383-CLDDA,No
6537-QLGEX,No
2371-JQHZZ,No
9919-YLNNG,No
5073-WXOYN,Yes
2754-VDLTR,Yes
5778-BVOFB,No
6614-VBEGU,No
7542-CYDDM,No
1352-HNSAW,No
0744-GKNGE,No
9101-NTIXF,No
6258-PVZWJ,No
7181-BQYBV,Yes
1074-WVEVG,No
1357-BIJKI,No
7602-MVRMB,No
2972-YDYUW,No
1763-KUAAW,No
8894-JVDCV,No
5474-LAMUQ,No
0117-LFRMW,Yes
4439-JMPMT,Yes
9576-ANLXO,Yes
3014-WJKSM,No
4926-UMJZD,No
6527-PZFPV,No
7401-RUBNK,No
4558-FANTW,Yes
8990-YOZLV,No
7560-QRBXH,No
0040-HALCW,No
2971-SGAFL,No
1845-CSBRZ,No
4819-HJPIW,No
0577-WHMEV,No
7563-BIUPC,Yes
9504-YAZWB,No
6896-SRVYQ,No
8761-NSOBC,Yes
4701-LKOZD,No
4587-VVTOX,Yes
0983-TATYJ,No
8084-OIVBS,No
0402-OAMEN,No
7363-QTBIW,No
0230-UBYPQ,No
5808-TOTXO,No
3186-AJIEK,No
8404-VIOMB,No
8040-MNRTF,No
8294-UIMBA,No
9506-UXUSK,No
9488-FVZCC,No
9415-TPKRV,No
3325-FUYCG,Yes
5055-MGMGF,No
5701-YVSVF,No
1439-LCGVL,No
9693-XMUOB,No
2626-VEEWG,No
1591-XWLGB,No
0533-UCAAU,No
7110-BDTWG,No
7493-GVFIO,No
9838-BFCQT,No
1746-TGTWV,No
5937-EORGB,No
0793-TWELN,No
6243-OZGFH,No
4119-ZYPZY,No
7925-PNRGI,No
5966-EMAZU,No
9504-DSHWM,No
3814-MLAXC,Yes
5150-ITWWB,No
4092-OFQZS,No
1573-LGXBA,No
5233-GEEAX,Yes
2650-GYRYL,No
5010-IPEAQ,No
5494-WOZRZ,No
3863-QSTYI,No
0673-IGUQO,No
3585-YNADK,No
3891-PUQOD,Yes
4445-ZJNMU,No
5712-VBOXD,No
7873-CVMAW,No
1017-FBQMM,No
6918-UMQCG,No
4391-LNRXK,No
4896-CPRPF,No
2187-PKZAY,No
4203-QGNZA,No
6579-JPICP,No
7694-VLBWQ,Yes
3133-PZNSR,No
9356-AXGMP,No
9097-ZUBYC,No
0840-DCNZE,No
8780-IHCRN,No
3285-UCQVC,Yes
1833-VGRUM,Yes
7446-SFAOA,No
0836-SEYLU,Yes
1752-OZXFY,No
5240-CAOYT,No
2887-JPYLU,No
3021-VLNRJ,No
6257-RJOHI,No
4910-AQFFX,Yes
0396-YCHWO,No
5482-PLVPE,Yes
1830-GGFNM,No
7951-VRDVK,No
3977-QCRSL,No
2615-YVMYX,No
0323-XWWTN,No
6974-DAFLI,No
0224-HJAPT,Yes
2386-LAHRK,Yes
9541-ZPSEA,No
1193-RTSLK,Yes
3351-NGXYI,No
9359-UGBTK,No
9788-HNGUT,No
7855-DIWPO,No
5222-JCXZT,No
0975-VOOVL,No
4419-UJMUS,No
4424-TKOPW,Yes
6797-LNAQX,Yes
6770-XUAGN,Yes
2640-LYMOV,No
7928-VJYAB,No
6821-BUXUX,Yes
8917-SZTTJ,No
0947-MUGVO,Yes
8727-XDPUD,No
7305-ZWMAJ,No
3413-DHLPB,No
2884-GBPFB,Yes
7480-QNVZJ,Yes
1696-HXOWK,No
4480-QQRHC,No
8461-EFQYM,No
2429-AYKKO,No
4690-PKDQG,No
8961-QDZZJ,No
9330-VOFSZ,No
0174-QRVVY,No
8785-EPNCG,Yes
9115-YQHGA,No
9194-GFVOI,No
6595-COKXZ,Yes
3154-CFSZG,No
0679-TDGAK,No
6434-TTGJP,No
6631-HMANX,No
0665-XHDJU,No
3428-MMGUB,No
5570-PTWEH,Yes
5712-PTIWW,Yes
8821-XNHVZ,Yes
1173-XZPYF,No
3545-CNWRG,No
4806-DXQCE,No
0685-MLYYM,Yes
1075-BGWOH,Yes
8443-WVPSS,Yes
4114-QMKVN,No
2038-LLMLM,No
5605-XNWEN,No
0426-TIRNE,Yes
0559-CKHUS,No
0203-HHYIJ,Yes
6094-ZIVKX,No
2897-DOVND,No
8387-MOJJT,Yes
2587-YNLES,No
6693-FRIRW,No
5976-JCJRH,Yes
6749-UTDVX,No
3552-CTCYF,No
0068-FIGTF,No
5622-UEJFI,No
9524-EGPJC,Yes
5108-ADXWO,Yes
9067-SQTNS,No
3639-XJHKQ,No
8197-BFWVU,No
5843-TTHGI,No
5651-WYIPH,No
3911-RSNHI,No
6865-JZNKO,No
3275-RHRNE,No
7627-JKIAZ,Yes
4685-TFLLS,No
2245-ADZFJ,No
4482-FTFFX,No
5419-JKZNQ,No
5915-DGNVC,No
2957-LOLHO,Yes
2777-PHDEI,Yes
9565-DJPIB,Yes
4390-KYULV,Yes
1678-FYZOW,Yes
7349-ALMUX,No
9330-DHBFL,No
6288-LBEAR,No
9233-PSYHO,No
6072-NUQCB,No
0447-RXSGD,No
9916-AYHTC,No
8824-RWFXJ,Yes
4884-ZTHVF,No
8627-EHGIP,Yes
1020-JPQOW,No
3976-NLDEZ,No
3162-ZJZFU,No
2146-EGVDT,No
9396-ZSFLL,No
4908-XAXAY,No
2911-UREFD,Yes
9391-DXGGG,No
4918-QLLIW,Yes
7503-QQRVF,Yes
9761-XUJWD,No
5816-QVHRX,No
7054-ENNGU,No
9385-EHGDO,No
4285-GYRQC,Yes
2955-PSXOE,Yes
7016-BPGEU,Yes
4531-AUZNK,No
0556-FJEGU,No
5168-MQQCA,No
3694-DELSO,No
1135-HIORI,No
6952-OMNWB,No
9544-PYPSJ,No
7483-IQWIB,No
1985-MBRYP,No
3227-WLKLI,No
1928-BXYIV,No
6827-IEAUQ,No
8755-OGKNA,No
3803-KMQFW,Yes
9839-ETQOE,No
8099-MZPUJ,No
5514-YQENT,No
8871-JLMHM,No
9163-GHAYE,No
3217-FZDMN,Yes
5480-HPRRX,Yes
4918-FYJNT,No
7721-DVEKZ,No
3755-JBMNH,Yes
4106-HADHQ,Yes
3045-XETSH,Yes
0345-XMMUG,No
7669-LCRSD,No
8402-OOOHJ,No
3571-RFHAR,Yes
4692-NNQRU,No
5419-CONWX,Yes
7503-MIOGA,No
5968-HYJRZ,No
7654-YWJUF,No
6859-QNXIQ,No
3199-NPKCN,No
0345-HKJVM,Yes
7581-EBBOU,No
5996-NRVXR,No
7973-DZRKH,No
0823-HSCDJ,Yes
8149-RSOUN,Yes
5708-EVONK,Yes
0301-FIDRB,No
3318-OSATS,Yes
1927-QEWMY,No
9701-CDXHR,No
3308-DGHKL,No
6227-FBDXH,No
9256-JTBNZ,No
5351-QESIO,No
6496-SLWHQ,Yes
2153-MREFK,Yes
5167-GBFRE,Yes
6173-GOLSU,No
5522-NYKPB,No
2990-IAJSV,No
6483-OATDN,No
4572-DVCGN,Yes
7787-BNTZM,No
1309-XGFSN,No
3810-PJUHR,No
2000-DHJUY,No
5995-LFTLE,No
8205-VSLRB,No
6928-ONTRW,No
5498-IBWPI,No
3845-JHAMY,No
4504-YOULA,No
9776-OJUZI,No
3798-EPWRR,No
1376-HHBDV,No
9436-ZBZCT,Yes
4797-MIWUM,No
7198-GLXTC,Yes
0455-ENTCR,No
0463-WZZKO,No
6849-WLEYG,Yes
9281-CEDRU,No
8861-HGGKB,Yes
9139-WQQDY,Yes
8204-TIFGJ,No
9290-SHCMB,No
6734-JDTTV,No
5697-GOMBF,No
5644-PDMZC,Yes
3987-KQDDU,No
4176-FXYBO,No
0074-HDKDG,No
1635-HDGFT,No
2790-XUYMV,No
3982-JGSFD,No
8573-CGOCC,No
8515-OCTJS,Yes
3115-JPJDD,No
0562-HKHML,No
4187-CINZD,Yes
5840-NVDCG,No
8610-WFCJF,Yes
6840-RESVB,No
7881-EVUAD,Yes
1697-BCSHV,No
7577-SWIFR,No
7460-ITWWP,No
6608-QQLVK,Yes
2761-XECQW,No
7270-BDIOA,Yes
0052-DCKON,No
3235-ETOOB,Yes
3865-YIOTT,No
7771-CFQRQ,No
8111-RKSPX,Yes
6311-UEUME,Yes
3963-RYFNS,No
6127-ISGTU,Yes
4234-XTNEA,No
7551-JOHTI,Yes
3533-UVMOM,No
6551-ZCOTS,No
9063-ZGTUY,Yes
4816-LXZYW,Yes
6937-GCDGQ,No
7321-ZNSLA,No
2057-ZBLPD,Yes
0471-ARVMX,No
1984-GPTEH,No
1576-PFZIW,No
8378-LKJAF,No
2091-RFFBA,Yes
7153-OANIO,Yes
3085-QUOZK,Yes
3850-OKINF,No
1354-YZFNB,No
8183-ONMXC,Yes
3137-LUPIX,No
3705-RHRFR,No
0083-PIVIK,No
8782-NUUOL,No
8000-REIQB,Yes
4191-XOVOM,No
9631-RXVJM,No
2528-HFYZX,Yes
4159-NAAIX,No
1697-NVVGY,No
0115-TFERT,Yes
8421-WZOOW,No
3345-PBBFH,No
6490-FGZAT,No
5317-FLPJF,No
3795-GWTRD,No
8417-GSODA,No
7850-VWJUU,No
1498-DQNRX,No
8490-BXHEO,No
3160-TYXLT,No
3468-DRVQJ,No
4835-YSJMR,No
6217-TOWGS,No
0048-LUMLS,No
3769-MHZNV,No
6668-CNMFP,No
0567-GGCAC,No
0260-ZDLGK,Yes
3308-JSGML,No
0036-IHMOT,No
9763-PDTKK,Yes
8727-JQFHV,No
4304-TSPVK,No
5148-ORICT,No
2234-XADUH,No
5383-MMTWC,Yes
8513-OLYGY,No
5133-POWUA,No
6244-BESBM,No
1206-EHBDD,No
4283-IVYCI,No
9804-ICWBG,Yes
4759-PXTAN,No
2694-CIUMO,No
0219-YTZUE,Yes
6168-WFVVF,Yes
7794-JASDG,No
0468-YRPXN,No
4973-MGTON,No
6543-JXSOO,No
1222-LRYKO,No
5917-HBSDW,No
0496-AHOOK,No
2040-VZIKE,No
3737-GCSPV,Yes
2578-JQPHZ,No
6674-KVJHG,No
1395-OFUWC,No
6689-KXGBO,Yes
3389-KTRXV,No
6575-SUVOI,No
8107-KNCIM,No
4547-KQRTM,Yes
5566-SOEZD,No
5052-PNLOS,Yes
7554-NEWDD,No
9708-HPXWZ,No
5939-SXWHM,No
7351-KYHQH,No
6281-FKEWS,No
1597-FZREH,Yes
2919-HBCJO,Yes
5394-SVGJV,Yes
6112-KTHFQ,No
1898-JSNDC,No
7995-ZHHNZ,No
2165-VOEGB,Yes
7746-QYVCO,No
5126-RCXYW,No
5951-AOFIH,No
2582-FFFZR,No
2758-RNWXS,No
9986-BONCE,Yes
8559-WNQZS,No
4980-URKXC,No
3099-OONVS,No
2710-WYVXG,No
5590-BYNII,Yes
0265-PSUAE,No
8152-UOBNY,No
8003-EWNDZ,No
4404-HIBDJ,Yes
5959-BELXA,Yes
7643-RCHXS,No
4468-YDOVK,No
8919-FYFQZ,Yes
5565-FILXA,Yes
5815-HGGHV,No
1552-AAGRX,No
7269-JISCY,No
5446-DKWYW,No
3506-LCJDC,Yes
0956-ACVZC,No
2482-CZGBB,Yes
6682-QJDGB,Yes
3128-YOVTD,No
1090-ESELR,No
9570-KYEUA,No
4707-MAXGU,No
7872-BAAZR,No
2592-SEIFQ,Yes
9603-OAIHC,No
0637-UBJRP,Yes
5057-LCOUI,Yes
2754-XBHTB,Yes
6518-KZXCB,No
5331-RGMTT,No
1430-SFQSA,No
2889-FPWRM,Yes
2251-PYLPB,No
6599-RCLCJ,Yes
5155-AZQPB,No
8167-GJLRN,No
4304-XUMGI,No
4510-HIMLV,Yes
5349-IECLD,Yes
3717-OEAUQ,No
1984-FCOWB,Yes
5973-EJGDP,No
2378-VTKDH,No
7274-RTAPZ,Yes
0811-GSDTP,No
1450-GALXR,Yes
8380-MQINP,No
9210-IAHGH,Yes
1179-INLAT,No
0756-MPZRL,No
4369-NYSCF,No
7017-VFHAY,No
1485-YDHMM,No
1041-RXHRA,Yes
3696-DFHHB,No
9917-KWRBE,No
2391-IPLOP,No
3669-WHAFY,No
0921-OHLVP,No
8514-VZHEB,No
7326-RIGQZ,No
7951-QKZPL,Yes
7812-FZHPE,Yes
6322-HRPFA,No
2302-OUZXB,No
7029-RPUAV,Yes
7105-BENQF,No
2466-NEJOJ,No
1852-XEMDW,No
2263-SFSQZ,No
5712-AHQNN,No
9743-DQKQW,No
8552-OBVRU,No
4086-ATNFV,No
2403-BCASL,Yes
8561-NMTBD,No
5448-VWNAM,No
8769-KKTPH,No
7831-QGOXH,Yes
2480-JZOSN,No
2982-VPSGI,Yes
8496-DMZUK,No
3858-VOBET,Yes
4484-GLZOU,Yes
0594-UFTUL,No
0757-WCUUZ,No
8286-AFUYI,No
2868-LLSKM,No
4957-TREIR,No
6416-TVAIH,Yes
9259-PACGQ,Yes
2676-SSLTO,No
8143-ETQTI,No
0831-JNISG,No
3572-UOLYZ,No
7550-WIQVA,No
7568-PODML,Yes
7567-ECMCM,No
6445-TNRXS,No
8174-LNWMW,No
3566-CAAYU,No
2845-HSJCY,Yes
9501-UKKNL,No
5214-NLTIT,No
7295-JOMMD,Yes
3707-LRWZD,Yes
2573-GYRUU,No
6295-OSINB,No
3071-VBYPO,No
8639-NHQEI,No
5950-AAAGJ,No
2274-XUATA,No
5307-DZCVC,Yes
1564-NTYXF,Yes
0909-SDHNU,No
5876-HZVZM,Yes
1575-KRZZE,No
3752-CQSJI,No
0868-VJRDR,No
9584-EXCDZ,No
0980-PVMRC,No
8108-UXRQN,No
6377-KSLXC,No
7892-QVYKW,No
8932-CZHRQ,No
2254-DLXRI,No
4077-HWUYD,No
8745-PVESG,No
8261-GWDBQ,No
3258-SANFR,No
7449-HVPIV,No
3244-CQPHU,No
5208-FVQKB,No
6413-XKKPU,Yes
0003-MKNFE,No
3399-BMLVW,No
5996-EBTKM,No
7595-EUIVN,Yes
8993-PHFWD,Yes
7351-MHQVU,No
9700-ISPUP,No
0682-USIXD,No
0023-XUOPT,Yes
8630-QSGXK,No
3458-IDMFK,No
3642-BYHDO,No
2800-VEQXM,No
2514-GINMM,Yes
8065-BVEPF,No
0687-ZVTHB,Yes
9361-YNQWJ,No
1154-HYWWO,No
6198-PNNSZ,No
5893-KCLGT,No
0013-MHZWF,No
0582-AVCLN,No
4385-ZKVNW,No
7898-PDWQE,No
8468-EHYJA,No
2027-OAQQC,Yes
4359-INNWN,No
9451-LPGOO,Yes
1981-INRFU,Yes
6292-TOSSS,No
9385-NXKDA,No
9553-DLCLU,No
6429-SHBCB,No
3373-DIUUN,No
1502-XFCVR,Yes
3750-YHRYO,No
2400-FEQME,No
4451-RWASJ,No
8100-PNJMH,No
5515-AKOAJ,Yes
7895-VONWT,No
2013-SGDXK,Yes
2545-LXYVJ,No
0674-GCDXG,No
4518-FZBSX,No
4360-QRAVE,No
5687-DKDTV,Yes
2788-CJQAQ,No
2621-UDNLU,No
9637-EIHEQ,Yes
7691-XVTZH,No
5424-RLQLC,No
1599-MMYRQ,No
9588-YRFHY,No
5970-GHJAW,No
6203-HBZPA,No
2208-NQBCT,No
4694-PHWFW,No
7817-BOQPW,Yes
0042-RLHYP,No
9626-WEQRM,No
5035-BVCXS,No
0423-UDIJQ,No
5766-XQXMQ,Yes
4250-WAROZ,No
9057-MSWCO,Yes
6217-KDYWC,No
6390-DSAZX,Yes
3186-BAXNB,Yes
8917-FAEMR,No
8204-YJCLA,No
8714-EUHJO,Yes
8878-RYUKI,No
6941-KXRRV,No
1894-IGFSG,Yes
5899-MQZZL,Yes
9152-AMKAK,No
6135-OZQVA,No
3407-JMJQQ,No
4919-MOAVT,Yes
5825-XJOCM,No
3948-FVVRP,No
3070-DVEYC,Yes
6240-EURKS,Yes
7446-YPODE,No
2959-FENLU,No
8225-BTJAU,Yes
3247-MHJKM,No
2657-ALMWY,Yes
4452-QIIEB,No
6603-QWSPR,No
9717-IOAAF,No
7254-IQWOZ,Yes
2460-FPSYH,Yes
0617-FHSGK,Yes
4250-ZBWLV,Yes
4495-LHSSK,No
3957-LXOLK,Yes
5781-BKHOP,No
6691-CCIHA,No
3957-SQXML,No
6416-JNVRK,No
2040-OBMLJ,No
8982-NHAVY,No
9554-DFKIC,No
3797-FKOGQ,No
0691-IFBQW,Yes
0440-QEXBZ,No
8738-JOKAR,No
7410-KTVFV,Yes
2817-LVCPP,No
6497-TILVL,No
0839-JTCUD,No
0128-MKWSG,No
3716-BDVDB,Yes
7159-NOKYQ,No
7714-YXSMB,No
4070-OKWVH,No
1689-YQBYY,No
1907-UBQFC,Yes
1895-QTKDO,No
3537-RYBHH,No
5414-OFQCB,No
1031-IIDEO,Yes
3258-SYSWS,No
0723-VSOBE,No
6188-UXBBR,No
1941-HOSAM,No
3633-CDBUW,No
8295-KMENE,No
0125-LZQXK,Yes
9730-DRTMJ,No
1047-RNXZV,No
5699-BNCAS,No
0206-TBWLC,No
9095-HFAFX,Yes
3131-NWVFJ,No
0596-BQCEQ,Yes
5248-RPYWW,No
6362-QHAFM,No
7394-LWLYN,No
2452-MRMZF,No
6609-MXJHJ,No
5981-ITEMU,Yes
0191-EQUUH,No
9253-VIFJQ,No
1245-HARPS,No
5627-TVBPP,No
1137-DGOWI,No
8812-ZRHFP,No
5223-UZAVK,No
0730-BGQGF,No
4430-UZIPO,Yes
3030-YDNRM,No
2025-JKFWI,Yes
2332-TODQS,No
3709-OIJEA,No
0930-EHUZA,No
9174-IHETN,No
5724-BIDBU,No
1217-VASWC,No
1735-XMJVH,No
1791-PQHBB,No
1492-QGCLU,No
3327-YBAKM,No
5206-HPJKM,No
9814-AOUDH,No
6888-SBYAI,No
1545-ACTAS,No
7634-WSWDB,No
6818-DJXAA,No
2896-TBNBE,No
2498-XLDZR,No
5439-WIKXB,No
3393-FMZPV,Yes
1452-KIOVK,No
5598-IKHQQ,No
5789-LDFXO,No
6620-HVDUJ,No
8659-HDIYE,No
5760-IFJOZ,No
7442-YGZFK,No
7537-CBQUZ,No
0939-EREMR,No
7395-XWZOY,No
0292-WEGCH,No
4487-ZYJZK,No
5539-TMZLF,Yes
9610-WCESF,No
1264-BYWMS,Yes
1177-XZBJL,No
6199-IPCAO,No
3800-LYTRK,No
8869-TORSS,Yes
0667-NSRGI,No
2853-CWQFQ,No
3378-AJRAO,No
9495-SKLKD,No
1450-SKCVI,Yes
8069-YQQAJ,No
4450-DLLMH,No
3340-QBBFM,No
5669-SRAIP,Yes
9220-CXRSC,No
0181-RITDD,No
7878-RTCZG,No
0708-SJDIS,No
3842-QTGDL,No
7473-ZBDSN,No
6559-RAKOZ,No
9689-PTNPG,Yes
5859-HZYLF,No
6234-PFPXL,No
6289-CPNLD,Yes
6368-TZZDT,No
3865-ZFZIB,No
7164-BPTUT,No
9134-WYRVP,No
7663-RGWBC,Yes
0258-NOKBL,No
6469-MRVET,No
2834-JKOOW,No
7639-LIAYI,No
4710-FDUIZ,Yes
5835-BEQEU,Yes
5701-GUXDC,No
5795-KTGUD,No
7009-LGECI,No
6285-FTQBF,No
0691-NIKRI,No
1587-FKLZB,Yes
1064-FBXNK,No
3197-ARFOY,No
8717-VCTXJ,No
4947-DSMXK,No
4614-NUVZD,Yes
2925-VDZHY,No
7297-DVYGA,No
0533-BNWKF,Yes
6097-EQISJ,Yes
6267-DCFFZ,No
5913-INRQV,No
5536-SLHPM,Yes
6838-YAUVY,No
4628-CTTLA,Yes
1867-BDVFH,Yes
3845-FXCYS,No
3223-DWFIO,No
3569-JFODW,No
0442-TDYUO,No
9534-NSXEM,No
5384-ZTTWP,No
9274-UARKJ,No
1347-KTTTA,No
0835-JKADZ,No
9968-FFVVH,No
2369-FEVNO,No
7940-UQQUG,No
6959-GQEGV,No
5702-SKUOB,No
3640-PHQXK,Yes
3192-NQECA,Yes
4002-BQWPQ,No
4193-IBKSW,No
6784-XYJAE,No
1942-OQFRW,No
3213-VVOLG,No
2805-AUFQN,No
9498-FIMXL,No
3026-ATZYV,No
6350-XFYGW,No
6421-SZVEM,No
2580-ASVVY,No
7140-ADSMJ,No
5207-PLSTK,No
0357-NVCRI,No
4735-ASGMA,Yes
1704-NRWYE,Yes
4658-HCOHW,Yes
4283-FUTGF,Yes
4712-AUQZO,No
0363-QJVFX,Yes
1261-FWTTE,No
5906-DVAPM,No
8234-GSZYK,No
4816-JBHOV,Yes
6435-SRWBJ,No
9715-SBVSU,No
8313-KTIHG,No
7878-JGDKK,No
9367-TCUYN,No
1334-PDUKM,No
7249-WBIYX,Yes
0691-JVSYA,Yes
3224-DFQNQ,No
7956-XQWGU,No
8988-ECPJR,Yes
4706-AXVKM,Yes
3913-RDSJZ,No
0620-DLSLK,No
3039-MJSLN,No
1307-ATKGB,No
6023-GSSXW,No
0564-MUUQK,No
6137-MFAJN,No
9206-GVPEQ,Yes
4395-PZMSN,No
9389-ACWBI,No
8775-ERLNB,No
9574-RKJIF,Yes
7315-WYOAW,No
3214-IYUUQ,No
9618-LFJRU,No
4190-MFLUW,Yes
2150-WLKUW,No
6171-ZTVYB,No
7590-VHVEG,No
5186-EJEGL,No
5550-VFRLC,Yes
1178-PZGAB,No
0196-JTUQI,No
4299-SIMNS,No
0859-YGKFW,No
4753-PADAS,No
3638-DIMPH,No
6715-OFDBP,Yes
0177-PXBAT,No
1221-GHZEP,No
8809-XKHMD,No
9367-WXLCH,Yes
1976-CFOCS,Yes
2270-CHBFN,No
2085-BOJKI,No
9647-ERGBE,Yes
7480-SPLEF,No
7811-JIVPF,No
6275-YDUVO,Yes
7675-OZCZG,Yes
4973-RLZVI,No
6650-VJONK,No
2754-SDJRD,No
8406-LNMHF,No
5816-SCGFC,No
5982-FPVQN,No
0961-ZWLVI,No
8731-WBBMB,No
9019-QVLZD,Yes
8085-MSNLK,No
7609-NRNCA,No
5119-KEPFY,No
7321-KKSDU,No
5173-ZXXXL,No
4641-FROLU,No
1309-BXVOQ,Yes
7762-URZQH,Yes
5301-GAUUY,Yes
4086-YQSNZ,Yes
6980-IMXXE,No
9851-KIELU,Yes
7206-GZCDC,Yes
8413-YNHNV,No
1374-DMZUI,Yes
1525-LNLOJ,No
2346-DJQTB,No
9927-DSWDF,No
1098-KFQEC,No
6000-APYLU,Yes
0058-EVZWM,No
1621-YNCJH,No
0818-OCPZO,Yes
5055-BRMNE,No
0406-BPDVR,Yes
0979-MOZQI,No
6229-UOLQL,No
3331-HQDTW,Yes
3023-GFLBR,Yes
5380-AFSSK,Yes
6036-TTFYU,No
4636-JGAAI,No
0193-ESZXP,Yes
8016-ZMGMO,No
8327-WKMIE,No
4647-XXZAM,No
2753-JMMCV,No
8701-DGLVH,No
0322-CHQRU,Yes
7799-DSEWS,No
2239-CGBUZ,No
6278-FEPBZ,No
6215-NQCPY,No
0401-WDBXM,No
4573-JKNAE,No
0343-QLUZP,No
6878-GGDWG,No
9840-DVNDC,Yes
0327-WFZSY,No
4770-UEZOX,No
8231-BSWXX,No
5673-FSSMF,Yes
8086-OVPWV,Yes
9680-NIAUV,No
1921-KYSAY,No
9334-GWGOW,No
6522-YRBXD,No
8819-IMISP,No
4652-ODEVH,No
0236-HFWSV,Yes
5849-ASHZJ,No
6486-LHTMA,No
4174-LPGTI,Yes
7369-TRPFD,No
6207-WIOLX,Yes
5947-SGKCL,No
0508-OOLTO,No
8182-PNAGI,Yes
2070-XYMFH,No
3530-VWVGU,No
0218-QNVAS,No
7748-UMTRK,No
4847-QNOKA,Yes
5537-UXXVS,No
4727-MCYZG,No
2211-RMNHO,No
3061-BCKYI,No
4464-JCOLN,Yes
7459-IMVYU,No
8969-PRHFK,No
1550-EENBN,No
8619-IJNDK,No
0795-GMVQO,No
3967-KXAPS,No
3757-NJYBX,Yes
2951-QOQTK,Yes
1183-CANVH,No
7520-HQWJU,No
2883-ILGWO,No
0725-CXOTM,No
3058-WQDRE,No
8931-GJJIQ,Yes
6786-OBWQR,No
2990-OGYTD,No
5875-YPQFJ,Yes
2984-MIIZL,Yes
6653-CBBOM,Yes
2484-DGXPZ,Yes
7587-RZNME,Yes
3855-ONCAR,No
2105-PHWON,No
4534-WGCIR,No
8815-LMFLX,No
8443-ZRDBZ,Yes
1591-MQJTP,No
1559-DTODC,No
4566-QVRRW,Yes
5092-STPKP,No
3094-JOJAI,No
5650-VDUDS,Yes
3096-IZETN,Yes
3254-YRILK,Yes
7813-ZGGAW,No
5756-OZRIO,No
1016-DJTSV,No
5204-HMGYF,No
3669-LVWZB,Yes
2577-GVSIL,No
1444-VVSGW,Yes
5419-JPRRN,Yes
4673-KKSLS,No
4441-NIHPT,Yes
3315-IKYZQ,No
4726-DLWQN,No
2682-KEVRP,No
4730-AWNAU,No
8564-LDKFL,No
3097-IDVPU,No
5729-KLZAR,Yes
6352-TWCAU,Yes
8263-OKETD,No
6698-OXETB,No
4537-CIBHB,No
3230-JCNZS,No
0264-CNITK,No
1043-UXOVO,No
3410-YOQBQ,No
8375-DKEBR,Yes
4508-OEBEY,No
0151-ONTOV,Yes
5884-GCYMI,Yes
4355-HBJHH,Yes
9699-UBQFS,No
7658-UYUQS,No
4220-TINQT,No
7115-IRDHS,No
3283-WCWXT,No
1709-EJDOX,No
7244-KXYZN,No
9762-YAQAA,No
2799-TSLAG,No
0235-KGSLC,Yes
9741-YLNTD,No
3791-LGQCY,Yes
5829-NVSQN,No
6551-VLJMV,No
1866-ZSLJM,No
0885-HMGPY,No
5656-JAMLX,No
7245-JMTTQ,No
2446-ZKVAF,No
6599-CEBNN,Yes
5998-DZLYR,No
4223-WOZCM,No
4992-LTJNE,No
8008-ESFLK,No
5760-FXFVO,No
3569-EDBPQ,No
3500-NSDOA,No
8571-ZCMCX,No
6686-YPGHK,Yes
7168-HDQHG,No
0310-VQXAM,No
3096-WPXBT,No
2234-EOFPT,No
6461-PPAXN,No
2809-ILCYT,No
4958-XCBDQ,Yes
5989-OMNJE,No
1043-YCUTE,Yes
7402-EYFXX,No
1813-JYWTO,No
7032-LMBHI,No
9191-MYQKX,Yes
1196-AMORA,Yes
0565-IYCGT,Yes
8148-WOCMK,No
4776-XSKYQ,No
3935-TBRZZ,No
9114-DPSIA,No
3143-ILDAL,Yes
1952-DVVSW,No
3871-IKPYH,Yes
3209-ZPKFI,No
4625-LAMOB,No
9837-BMCLM,Yes
4080-OGPJL,Yes
0787-LHDYT,No
3071-MVJCD,No
7825-GKXMW,Yes
6726-NNFWD,No
5820-PTRYM,No
7785-RDVIG,No
0774-IFUVM,No
2054-PJOCK,No
7789-HKSBS,No
6629-LADHQ,No
1385-TQOZW,No
1452-VOQCH,No
0298-XACET,No
7028-DVOIQ,Yes
5616-PRTNT,Yes
3733-LSYCE,No
9432-VOFYX,No
6032-KRXXO,Yes
1393-IMKZG,No
0195-IESCP,Yes
7562-UXTPG,No
2656-TABEH,Yes
2055-PDADH,Yes
2890-WFBHU,No
6166-ILMNY,Yes
6551-GNYDG,No
2672-DZUOY,Yes
7142-HVGBG,Yes
4546-FOKWR,No
6313-GIDIT,Yes
4430-YHXGG,No
5146-CBVOE,No
9619-GSATL,No
8808-ELEHO,Yes
9644-UMGQA,No
8853-TZDGH,No
3999-WRNGR,No
2923-ARZLG,No
0871-OPBXW,No
9691-HKOVS,No
1427-VERSM,No
1298-PHBTI,No
4662-EKDPQ,Yes
9586-JGQKH,No
6261-RCVNS,Yes
6946-LMSQS,Yes
2075-RMJIK,No
3258-ZKPAI,No
9369-XFEHK,Yes
3536-IQCTX,Yes
8752-IMQOS,No
9850-OWRHQ,Yes
0196-VULGZ,Yes
5748-RNCJT,Yes
0928-XUTSN,No
7611-YKYTC,No
0916-KNFAJ,No
2045-BMBTJ,No
0471-LVHGK,Yes
1950-KSVVJ,No
1568-BEKZM,No
3400-ESFUW,Yes
9746-YKGXB,No
6338-AVWCY,Yes
4817-VYYWS,Yes
7136-RVDTZ,Yes
5141-ZUVBH,No
8779-YIQQA,No
4877-TSOFF,No
0303-UNCIP,No
6485-QXWWE,No
6618-RYATB,Yes
7872-RDDLZ,No
9199-PWQVC,No
6992-TKNYO,No
0214-JHPFW,No
9313-CDOGY,No
6637-KYRCV,No
3521-MNKLV,No
4652-NNHNY,Yes
5472-CVMDX,No
8384-FZBJK,No
2519-LBNQL,No
2065-MMKGR,No
0002-ORFBO,No
2961-VNFKL,No
6038-GCYEC,Yes
0067-DKWBL,Yes
2804-ETQDK,No
0895-DQHEW,Yes
9239-GZHZE,No
1241-FPMOF,No
6283-GITPX,No
6689-TCZHQ,Yes
4825-FUREZ,No
4959-JOSRX,Yes
1428-GTBJJ,Yes
9170-GYZJC,Yes
8690-ZVLCL,No
5889-JTMUL,Yes
4307-KTUMW,Yes
5949-XIKAE,Yes
5802-ADBRC,No
4366-CTOUZ,No
1849-RJYIG,No
6713-OKOMC,No
8450-LUGUK,No
9782-LGXMC,No
1049-FYSYG,No
5442-PPTJY,No
0320-JDNQG,Yes
6614-YOLAC,No
8722-PRFDV,No
7030-NJVDP,No
0607-MVMGC,No
2541-YGPKE,No
9692-TUSXH,Yes
4922-CVPDX,No
1750-CSKKM,Yes
1728-BQDMA,No
7521-AFHAB,No
5868-YWPDW,Yes
1320-REHCS,No
1023-BQXZE,No
5832-TRLPB,No
3967-VQOGC,No
9661-ACXBS,Yes
5602-BVFMK,No
4323-SADQS,Yes
1539-LNKHM,No
7470-MCQTK,Yes
5136-RGMZO,No
6543-CPZMK,Yes
9639-BUJXT,No
7856-GANIL,No
4415-WNGVR,No
3481-JHUZH,No
0278-YXOOG,Yes
5227-JSCFE,No
2091-GPPIQ,No
9643-YBLUR,No
9419-IPPBE,No
2877-VDUER,No
2924-KHUVI,No
0439-IFYUN,No
2587-EKXTS,No
6661-EIPZC,No
5756-JYOJT,No
3259-FDWOY,Yes
1480-IVEVR,No
8070-AAWZP,No
2001-EWBQU,No
2606-RMDHZ,Yes
5688-KZTSN,Yes
5956-YHHRX,No
6563-VRERX,No
7243-LCGGZ,No
3777-XROBG,No
5081-NWSUP,No
5442-BXVND,No
0612-RTZZA,Yes
5103-MHMHY,Yes
5269-NRGDP,No
4781-ZXYGU,No
0902-RFHOF,No
8601-QACRS,Yes
6333-YDVLT,No
5730-RIITO,No
8125-QPFJD,No
6270-OMFIW,Yes
7879-CGSFV,No
3870-SPZSI,No
8873-GLDMH,No
5716-LIBJC,No
0224-NIJLP,No
4713-ZBURT,No
3870-MQAMG,Yes
3550-SAHFP,Yes
4700-UBQMV,No
0727-BMPLR,Yes
3627-FHKBK,Yes
9142-KZXOP,No
5980-BDHPY,No
4418-LZMSV,No
8123-QBNAZ,No
5743-KHMNA,No
0781-LKXBR,Yes
9931-KGHOA,No
7124-UGSUR,Yes
5329-KRDTM,No
1024-VRZHF,Yes
4482-EWFMI,No
0366-NQSHS,No
8752-STIVR,Yes
8878-HMWBV,Yes
3050-GBUSH,No
6718-BDGHG,No
1830-IPXVJ,No
7481-ATQQS,Yes
5203-XEHAX,No
2740-TVLFN,No
7054-LGEQW,Yes
3166-PNEOF,No
4585-HETAI,Yes
0872-CASZJ,No
7396-VJUZB,No
7644-OMVMY,No
5847-MXBEO,No
8398-TBIYD,No
2533-TIBIX,No
0761-AETCS,Yes
1447-PJGGA,Yes
6986-IJDHX,Yes
6806-YDEUL,No
3688-FTHLT,No
5202-IVJNU,Yes
0754-EEBDC,No
9572-MTILT,Yes
0197-PNKNK,No
7217-JYHOQ,No
2030-BTZRO,No
8087-LGYHQ,No
7337-CINUD,No
1577-HKTFG,Yes
8184-WMOFI,No
1293-HHSHJ,No
6051-PTVNS,No
3995-WFCSM,No
9253-QXKBE,Yes
2080-GKCWQ,No
2519-ERQOJ,No
3074-GQWYX,Yes
7660-HDPJV,Yes
4389-UEFCZ,No
2856-NNASM,Yes
8065-YKXKD,Yes
8207-VVMYB,No
6365-MTGZX,Yes
9391-TTOYH,No
6682-VCIXC,No
6121-VZNQB,Yes
2359-KMGLI,Yes
8433-WPJTV,No
1061-PNTHC,No
8580-AECUZ,Yes
1104-TNLZA,No
1442-BQPVU,No
4277-PVRAN,Yes
6077-BDPXA,No
5143-WMWOG,Yes
6005-OBZPH,Yes
6894-LFHLY,Yes
2732-ISEZX,No
1481-ZUWZA,Yes
2782-LFZVW,No
5293-WXJAK,Yes
8444-WRIDW,Yes
0621-TSSMU,No
6925-BAYGL,No
3237-AJGEH,Yes
6904-JLBGY,No
9620-ENEJV,No
5322-TEUJK,No
9364-YKUVW,No
6463-MVYRY,No
6484-LATFU,No
8718-PTMEZ,Yes
7711-GQBZC,No
8722-NGNBH,Yes
2432-TFSMK,No
1472-TNCWL,No
0014-BMAQU,No
2724-FJDYW,No
4693-VWVBO,No
0301-KOBTQ,No
7044-YAACC,No
8290-YWKHZ,Yes
5908-QMGOE,Yes
4795-KTRTH,Yes
5057-RKGLH,No
6341-JVQGF,No
4065-JJAVA,No
2018-QKYGT,No
7379-FNIUJ,No
1970-KKFWL,No
7311-MQJCH,No
5896-NPFWW,Yes
8791-GFXLZ,No
4979-HPRFL,No
6181-AXXYF,No
7908-QCBCA,Yes
6877-TJMBR,Yes
0975-UYDTX,No
4581-LNWUM,No
4957-TIALW,No
4989-LIXVT,No
0886-QGENL,Yes
2799-ARNLO,No
3027-YNWZU,No
9578-VRMNM,Yes
8943-URTMR,Yes
7963-SHNDT,No
8007-YYPWD,No
4567-AKPIA,No
6927-WTFIV,Yes
5914-GXMDA,No
7767-UXAGJ,Yes
4827-DPADN,No
5788-YPOEG,No
7242-EDTYC,No
1676-MQAOA,No
5168-MSWXT,No
1976-AZZPJ,No
8711-LOBKY,No
9057-SIHCH,Yes
5229-DTFYB,No
6370-ZVHDV,No
4818-DRBQT,Yes
2230-XTUWL,No
1066-JKSGK,Yes
1852-QSWCD,No
6625-FLENO,No
1766-GKNMI,No
6502-HCJTI,Yes
2323-ARSVR,No
3164-AALRN,Yes
6064-ZATLR,No
2636-OHFMN,Yes
7096-UCLNH,No
3097-PYWXL,No
4719-UMSIY,No
6917-IAYHD,No
0112-QWPNC,Yes
5208-HFSBT,Yes
6473-ULUHT,No
2080-SRCDE,No
7504-UWHNB,No
5062-CJJKH,No
2272-WUSPA,No
0380-ZCSBI,No
6250-CGGUN,No
9661-MHUMO,Yes
5176-OLSKT,No
5172-MIGPM,No
6671-NGWON,No
8169-SAEJD,No
3585-ISXZP,Yes
2108-GLPQB,No
6029-WTIPC,Yes
0247-SLUJI,No
4116-IQRFR,No
2309-OSFEU,Yes
0458-HEUZG,No
7285-KLOTR,No
1241-EZFMJ,No
6196-HBOBZ,No
4872-VXRIL,No
6194-HBGQN,No
5681-LLOEI,No
1536-HBSWP,No
0988-JRWWP,No
3665-JATSN,No
1833-TCXKK,No
0324-BRPCJ,Yes
2002-MZHWP,Yes
4821-SJHJV,No
9581-GVBXT,No
5242-UOWHD,No
6892-XPFPU,Yes
1187-WILMM,No
4109-CYRBD,No
0913-XWSCN,No
8837-VVWLQ,Yes
6345-HOVES,No
3244-DCJWY,Yes
8735-DCXNF,No
5676-CFLYY,No
8217-QYOHV,No
2486-WYVVE,No
2024-BASKD,Yes
5366-IJEQJ,Yes
6131-IUNXN,No
3520-FJGCV,No
1734-ZMNTZ,No
4228-ZGYUW,Yes
9601-BRXPO,Yes
4584-LBNMK,No
8495-LJDFO,No
7976-CICYS,No
3374-PZLXD,No
5696-JVVQY,No
2203-GHNWN,No
9489-UTFKA,No
4129-LYCOI,No
2257-BOVXD,No
5143-EGQFK,Yes
9833-TGFHX,No
8387-UGUSU,No
5365-LLFYV,No
9408-HRXRK,No
1565-RHDJD,Yes
1150-WFARN,Yes
5995-OIGLP,Yes
0407-BDJKB,Yes
2947-DOMLJ,Yes
8309-IEYJD,No
3900-AQPHZ,Yes
4544-RXFMG,No
1624-NALOJ,Yes
1447-GIQMR,Yes
2346-LOCWC,No
5172-RKOCB,No
2808-CHTDM,No
1010-DIAUQ,Yes
8242-PDSGJ,No
5520-FVEWJ,Yes
0958-YHXGP,No
2135-RXIHG,Yes
6981-TDRFT,No
5751-USDBL,No
8457-XIGKN,No
0111-KLBQG,No
2676-ISHSF,No
0436-TWFFZ,No
4902-OHLSK,Yes
2560-QTSBS,No
3902-FOIGH,Yes
1352-VHKAJ,No
1741-WTPON,No
2382-BCKQJ,Yes
7950-XWOVN,No
0191-ZHSKZ,No
0362-RAOQO,No
4282-ACRXS,No
8799-OXZMD,No
9223-UCPVT,Yes
1600-DILPE,No
0810-BDHAW,No
5334-AFQJB,No
0641-EVBOJ,No
8015-IHCGW,No
8746-OQQRW,No
3370-HXOPH,No
2722-JMONI,Yes
0475-RIJEP,Yes
8111-BKVDS,No
0224-RLWWD,No
6508-NJYRO,No
3411-WLRSQ,No
8316-BBQAY,No
2150-OEGBV,No
3551-HUAZH,Yes
8884-FEEWR,No
5968-VXZLG,No
3070-BDOQC,No
2821-WARNZ,No
2108-XWMPY,Yes
8194-PEEBY,No
1832-PEUTS,No
2685-SREOM,Yes
2657-VPXTA,No
5067-WJEUN,No
2205-YMZZJ,Yes
4277-UDIEF,No
1480-BKXGA,No
4648-YPBTM,No
3097-NQYSN,Yes
9250-WYPLL,Yes
5245-VDBUR,No
8468-FZTOE,No
7639-OPLNG,No
8631-XVRZL,No
1051-GEJLJ,No
5753-QQWPW,No
9339-FIIJL,No
8644-XYTSV,No
6688-UZPWD,Yes
1534-OULXE,No
3902-MIVLE,No
4237-RLAQD,Yes
1208-DNHLN,Yes
0704-VCUMB,No
2550-QHZGP,No
7817-OMJNA,No
2811-POVEX,No
9940-HPQPG,Yes
2012-NWRPA,Yes
5176-LDKUH,No
0281-CNTZX,No
3440-JPSCL,Yes
7284-BUYEC,No
4178-EGMON,No
2373-NTKOD,No
4538-WNTMJ,No
1345-GKDZZ,No
8883-ANODQ,No
1488-SYSFC,No
5876-QMYLD,No
3908-BLSYF,Yes
4317-VTEOA,Yes
3422-GALYP,No
5461-QKNTN,No
9975-GPKZU,No
2284-VFLKH,No
8945-MUQUF,Yes
5149-CUZUJ,No
9614-RMGHA,Yes
5076-YVXCM,No
5088-QZLRL,No
5054-IEXZT,Yes
3594-BDSOA,No
3034-ZBEQN,Yes
7903-CMPEY,Yes
8654-DHAOW,No
2039-JONDJ,No
7623-TRNQN,Yes
8821-KVZKQ,No
1596-BBVTG,Yes
4702-HDRKD,No
1501-SGHBW,Yes
0422-OHQHQ,No
2866-IKBTM,No
5201-CBWYG,No
2642-MAWLJ,No
1240-KNSEZ,Yes
5286-YHCVC,No
8469-SNFFH,No
9732-KPKBW,Yes
9357-UJRUN,No
0022-TCJCI,Yes
2829-HYVZP,No
5846-QFDFI,No
0722-SVSFK,No
0947-IDHRQ,Yes
9903-LYSAB,No
3156-QLHBO,No
5321-NTRKC,No
1087-UDSIH,Yes
7096-ZNBZI,No
7399-QHBJS,No
0749-IRGQE,No
2960-NKRSO,No
4654-ULTTN,No
9715-WZCLW,No
6681-ZSEXG,No
9025-AOMKI,Yes
5077-DXTCG,Yes
4012-ZTHBR,No
7683-CBDKJ,Yes
0708-LGSMF,No
5519-NPHVG,Yes
6908-VVYHM,No
0215-BQKGS,No
4236-UJPWO,No
7777-UNYHB,No
6815-ABQFQ,No
0248-PGHBZ,No
2626-URJFX,Yes
9058-HRZSV,No
3716-LRGXK,No
2568-OIADY,Yes
7606-BPHHN,No
3253-HKOKL,No
3606-TWKGI,Yes
4007-NHVHI,No
4807-IZYOZ,No
0274-JKUJR,No
5935-FCCNB,No
2333-KWEWW,No
7103-IPXPJ,No
6035-BXTTY,No
3765-JXVKY,Yes
2927-QRRQV,No
3181-MIZBN,No
0968-GSIKN,Yes
0422-UXFAP,No
4016-BJKTZ,No
9327-QSDED,No
7841-FCRQD,No
7054-DMVAS,No
1092-WPIVQ,No
8763-KIAFH,No
2898-MRKPI,No
0603-TPMIB,No
8023-QHAIO,No
0795-XCCTE,No
2453-SAFNS,No
5176-LMJXE,No
6598-KELSS,No
6257-DTAYD,No
2672-OJQZP,No
1320-HTRDR,Yes
9236-NDUCW,No
0277-ORXQS,No
9412-ARGBX,Yes
8634-MPHTR,Yes
1599-EAHXY,No
2911-IJORQ,No
2911-WDXMV,No
1775-KWJKQ,No
8622-ZLFKO,No
8166-ORCHU,No
8547-NSBBO,No
3714-XPXBW,No
8062-YBDOE,Yes
5846-ABOBJ,No
9121-PHQSR,No
5188-HGMLP,No
6479-VDGRK,No
8104-OSKWT,No
7673-BQGKU,No
2034-CGRHZ,Yes
2667-WYLWJ,Yes
1089-HDMKP,No
4570-QHXHL,No
1689-MRZQR,Yes
8780-YRMTT,No
0936-NQLJU,No
2096-XOTMO,No
3197-NNYNB,No
5214-CHIWJ,No
2056-EVGZL,No
8118-LSUEL,Yes
8859-DZTGQ,No
8739-WWKDU,Yes
2040-XBAVJ,No
4884-LEVMQ,No
0847-HGRML,No
0607-DAAHE,Yes
0320-DWVTU,No
3230-WYKIR,Yes
5828-DWPIL,No
3512-IZIKN,Yes
8329-UTMVM,No
8715-KKTFG,No
6646-VRFOL,Yes
0877-SDMBN,Yes
1891-QRQSA,No
6543-XRMYR,Yes
6340-DACFT,No
6807-SIWJI,No
7730-CLDSV,No
8111-SLLHI,Yes
0096-FCPUF,No
1597-LHYNC,Yes
8132-YPVBX,No
1120-BMWUB,Yes
0743-HRVFF,No
9254-RBFON,Yes
6372-RFVNS,Yes
3635-QQRQD,No
6253-WRFHY,No
7690-KPNCU,No
7398-LXGYX,No
0771-WLCLA,No
9578-FOMUK,No
7665-NKLAV,No
9725-SCPZG,Yes
3509-GWQGF,No
7114-AEOZE,No
5095-AESKG,Yes
0112-QAWRZ,No
5485-ITNPC,No
9821-BESNZ,No
3705-PSNGL,Yes
5099-BAILX,Yes
3996-ZNWYK,No
2833-SLKDQ,Yes
3422-LYEPQ,Yes
4612-SSVHJ,No
9906-NHHVC,No
3011-WQKSZ,No
9824-QCJPK,No
7317-GGVPB,Yes
7932-WPTDS,Yes
7112-OPOTK,Yes
7688-AWMDX,No
8474-UMLNT,No
1627-AFWVJ,No
4931-TRZWN,No
7771-ZONAT,No
6861-XWTWQ,Yes
1171-TYKUR,No
0142-GVYSN,No
2931-FSOHN,No
9526-JAWYF,Yes
2410-CIYFZ,No
5261-QSHQM,Yes
9541-PWTWO,No
1389-CXMLU,Yes
8920-NAVAY,No
2225-ZRGSG,Yes
5678-VFNEQ,No
4115-UMJFQ,No
3506-OVLKD,No
2019-HDCZY,No
6048-UWKAL,No
6234-RAAPL,No
1910-FMXJM,No
2616-UUTFK,No
8751-EDEKA,No
3721-WKIIL,No
8985-OOPOS,No
3511-BFTJW,No
3134-DSHVC,No
0603-OLQDC,No
8612-GXIDD,No
0907-HQNTS,No
7754-IXRMC,No
5626-MGTUK,No
4836-WNFNO,No
6034-YMTOB,No
1696-MZVAU,No
6907-FLBER,No
6586-PSJOX,No
5296-PSYVW,No
6122-EFVKN,No
4097-YODCF,No
0872-NXJYS,Yes
3146-MSEGF,No
1045-LTCYT,No
0661-KQHNK,No
6711-VTNRE,Yes
4312-KFRXN,No
0587-DMGBH,Yes
6725-TPKJO,No
8630-FJLIB,No
0089-IIQKO,No
4742-DRORA,No
8779-QRDMV,Yes
7047-YXDMZ,No
6901-GOGZG,No
0654-PQKDW,No
1226-JZNKR,No
5666-MBJPT,No
9867-JCZSP,No
1699-UOTXU,No
4946-EDSEW,Yes
1796-JANOW,No
5519-YLDGW,Yes
3086-RUCRN,No
7469-LKBCI,No
3569-VLDHH,No
2933-XEUJM,No
5504-WSIUR,No
6585-WCEWR,No
4146-SVFUD,No
5701-SVCWR,No
4822-RVYBB,Yes
8805-JNRAZ,No
3308-MHOOC,No
4378-BZYFP,No
9830-ECLEN,No
1498-NHTLT,No
1513-XNPPH,Yes
4398-HSCJH,Yes
7595-EHCDL,No
5215-LNLDJ,No
7677-SJJJK,No
9992-RRAMN,Yes
6242-FEGFD,No
3956-CJUST,No
4844-JJWUY,Yes
3703-TTEPD,No
4282-YMKNA,Yes
6103-QCKFX,No
4631-OACRM,Yes
3470-OBUET,No
2929-QNSRW,Yes
7853-OETYL,No
5318-YKDPV,No
4238-HFHSN,No
9209-NWPGU,No
5022-JNQEQ,No
6007-TCTST,No
8357-EQXFO,Yes
3589-PPVKW,No
1574-DYCWE,No
4999-IEZLT,No
4403-BWPAY,No
1494-EJZDW,No
9766-HGEDE,No
4724-WXVWF,No
5469-NUJUR,No
1724-IQWNM,No
8043-PNYSD,No
6734-FQAJX,No
9786-YWNHU,No
8760-ZRHKE,No
2703-AMTUL,No
4583-PARNH,No
6942-LBFDP,No
7203-OYKCT,No
9143-CANJF,No
1723-HKXJQ,Yes
6619-RPLQZ,No
4791-QRGMF,Yes
6728-VOIFY,No
2081-KJSQF,No
3397-AVTKU,No
6365-HITVU,No
2604-XVDAM,No
0487-VVUVK,No
6656-GULJQ,No
6599-SFQVE,No
6754-WKSHP,No
6199-IWKGC,No
6221-AVQYL,Yes
5630-IXDXV,No
7340-KEFQE,No
5542-NKVRU,No
4553-DVPZG,No
1925-GMVBW,No
9822-BIIGN,No
9172-ANCRX,Yes
4695-VADHF,Yes
3930-ZGWVE,No
1084-MNSMJ,No
3733-UOCWF,No
8242-JSVBO,No
3804-RVTGV,Yes
3904-UKFRE,No
7248-VZQLC,Yes
0257-KXZGU,No
2737-WFVYW,Yes
5649-TJHOV,Yes
4324-BZCKL,No
5494-HECPR,Yes
1396-QWFBJ,Yes
0547-HURJB,No
7239-HZZCX,Yes
4698-KVLLG,No
0319-QZTCO,No
4056-QHXHZ,No
0415-MOSGF,Yes
6432-TWQLB,Yes
1069-XAIEM,Yes
1767-CJKBA,No
9068-VPWQQ,No
8818-XYFCQ,Yes
8747-UDCOI,No
9825-YCXWZ,No
2114-MGINA,Yes
2074-GKOWZ,Yes
2282-YGNOR,No
8229-MYEJZ,No
4883-QICIH,Yes
9788-YTFGE,No
3429-IFLEM,No
7649-PHJVR,No
0816-TSPHQ,No
8267-KFGYD,No
9801-NOSHQ,No
7182-OVLBJ,No
4059-IIEBK,No
9258-CNWAC,No
5318-IXUZF,Yes
8039-ACLPL,No
4817-KEQSP,No
9391-EOYLI,Yes
7963-GQRMY,Yes
2227-JRSJX,No
3981-QSVQI,No
8076-FEZKJ,No
6304-IJFSQ,Yes
2834-SPCJV,Yes
1231-YNDEK,No
1866-NXPSP,No
9548-LIGTA,No
7064-JHXCE,No
2388-LAESQ,No
6300-BWMJX,No
4486-EFAEB,No
3161-GETRM,No
9828-AOQLM,Yes
2433-KMEAS,Yes
7014-ZZXAW,No
4554-YGZIH,Yes
6969-MVBAI,No
6376-GAHQE,Yes
9430-NKQLY,No
4009-ALQFH,Yes
0023-HGHWL,Yes
1686-STUHN,No
3588-WSTTJ,No
2538-OIMXF,No
3806-YAZOV,No
9127-QRZMH,No
7607-QKKTJ,No
8665-UTDHZ,Yes
7398-HPYZQ,No
4647-MUZON,No
6856-RAURS,No
7250-EQKIY,Yes
8709-KRDVL,No
6701-YVNQG,No
2639-UGMAZ,No
2983-ZANRP,Yes
0508-SQWPL,No
1834-ABKHQ,No
0280-XJGEX,Yes
0519-XUZJU,Yes
7434-SHXLS,Yes
3012-VFFMN,No
7268-IGMFD,No
9717-QEBGU,No
5151-HQRDG,No
2565-JSLRY,Yes
0234-TEVTT,No
6862-CQUMB,No
7823-JSOAG,No
9863-JZAIC,Yes
0347-UBKUZ,No
3590-TCXTB,No
6855-VLGOS,No
2023-VQFDL,No
0133-BMFZO,Yes
3057-VJJQE,No
9820-RMCQV,Yes
9355-NPPFS,No
9819-FBNSV,No
0356-OBMAC,No
7306-YDSOI,No
1052-QJIBV,No
8480-PPONV,No
8582-KRHPJ,No
2272-JKMSI,No
0931-MHTEM,No
4006-HKYHO,No
0377-JBKKT,No
0839-QNXME,No
8996-ZROXE,No
2480-EJWYP,No
9591-YVTEB,No
0402-CQAJN,Yes
3620-MWJNE,No
9681-KYGYB,No
2956-GGUCQ,Yes
6303-KFWSL,No
9448-REEVD,Yes
1841-YSJGV,No
2458-EOMRE,No
2575-GFSOE,Yes
8164-OCKUJ,No
3067-SVMTC,No
3392-EHMNK,No
5561-NWEVX,Yes
5692-ICXLW,No
6371-NZYEG,No
6086-ESGRL,Yes
2719-BDAQO,Yes
4115-NZRKS,No
6728-WYQBC,No
4439-YRNVD,No
0139-IVFJG,No
9348-ROUAI,No
1980-KXVPM,Yes
9453-PATOS,No
7277-OZCGZ,No
5701-ZIKJE,No
8095-WANWK,No
9885-MFVSU,No
1545-JFUML,No
0265-EDXBD,Yes
3113-IWHLC,No
5216-WASFJ,No
3450-WXOAT,No
4818-QIUFN,Yes
9773-PEQBZ,No
4566-GOLUK,Yes
9921-QFQUL,No
9919-KNPOO,No
8405-IGQFX,No
7579-OOPEC,Yes
3363-EWLGO,No
1251-STYSZ,No
4254-QPEDE,No
0042-JVWOJ,No
2260-USTRB,Yes
8974-OVACP,No
7191-ADRGF,No
0746-JTRFU,Yes
2303-PJYHN,No
0114-PEGZZ,No
2475-MROZF,No
3621-CEOVK,Yes
7989-CHGTL,Yes
3338-CVVEH,No
9053-EJUNL,No
9547-ITEFG,No
4627-MIHJH,No
1285-OKIPP,Yes
4237-CLSMM,No
9734-UYXQI,Yes
1821-BUCWY,No
4075-JFPGR,No
5671-UUNXD,No
0971-QIFJK,No
6297-NOOPG,No
1702-CCFNJ,No
0991-BRRFB,Yes
5575-TPIZQ,No
2075-PUEPR,No
0506-LVNGN,Yes
4140-MUHUG,Yes
7968-QUXNS,No
9530-GRMJG,No
2123-VSCOT,No
9411-TPQQV,No
3973-SKMLN,No
9696-RMYBA,No
8734-DKSTZ,No
5336-UFNZP,No
6180-YBIQI,No
1406-PUQVY,No
5016-LIPDW,No
6418-PIQSP,No
3280-MRDOF,No
3016-KSVCP,No
2908-WGAXL,No
6968-MHOMU,No
2851-STERV,No
8466-PZBLH,No
2126-GSEGL,No
7508-KBIMB,No
5575-GNVDE,No
2674-MLXMN,No
6630-UJZMY,No
1871-MOWRM,Yes
3426-NIYYL,Yes
5512-IDZEI,No
2408-PSJVE,No
3352-ALMCK,No
9221-OTIVJ,Yes
0993-OSGPT,No
6603-YRDCJ,No
4709-LKHYG,No
3758-CKOQL,No
5201-FRKKS,No
5044-LRQAQ,No
6557-BZXLQ,No
8608-OZTLB,No
1436-ZMJAN,No
6345-FZOQH,No
6008-NAIXK,No
9677-AVKED,No
5515-IDEJJ,Yes
8591-NXRCV,No
7328-OWMOM,No
4716-HHKQH,No
9862-KJTYK,No
5120-ZBLAI,No
2595-KIWPV,No
1725-IQNIY,Yes
3951-NJCVI,No
1423-BMPBQ,No
9837-FWLCH,No
3190-XFANI,Yes
8725-JEDFD,No
0164-XAIRP,No
5174-ITUMV,No
6519-CFDBX,No
9637-CDTKZ,No
3692-JHONH,No
6347-DCUIK,Yes
0336-PIKEI,No
4013-UBXWQ,Yes
8606-CIQUL,No
3404-JNXAX,No
2665-NPTGL,No
9278-VZKCD,No
9620-QJREV,No
0827-ITJPH,No
0137-UDEUO,Yes
3878-AVSOQ,No
1271-SJBGZ,Yes
0619-OLYUR,No
7531-GQHME,No
5178-LMXOP,Yes
2364-UFROM,No
3570-YUEKJ,No
9048-JVYVF,Yes
4154-AQUGT,Yes
2612-RANWT,Yes
3768-NLUBH,Yes
9606-PBKBQ,Yes
3442-ZHHCC,No
5726-CVNYA,No
7839-QRKXN,Yes
5296-BFCYD,No
1960-UYCNN,No
0928-JMXNP,No
6185-TASNN,No
4750-ZRXIU,Yes
3274-NSDWE,No
5887-IKKYO,No
3439-GVUSX,No
8224-DWCKX,No
0266-GMEAO,No
9681-OXGVC,Yes
2466-FCCPT,No
9046-JBFWA,No
2455-USLMV,No
0326-VDYXE,No
6332-FBZRI,No
9631-XEYKE,No
4786-UKSNZ,Yes
9931-DCEZH,No
4962-CHQPW,No
1602-IJQQE,Yes
4717-GHADL,No
2522-WLNSF,No
9742-XOKTS,No
9958-MEKUC,No
2265-CYWIV,Yes
2123-AGEEN,No
2750-BJLSB,No
9496-IVVRP,No
9412-GHEEC,Yes
2474-BRUCM,Yes
8510-BBWMU,No
5899-OUVKV,No
6134-KWTBV,No
4488-KQFDT,No
3884-UEBXB,No
8735-SDUFN,No
8046-DNVTL,No
5276-KQWHG,Yes
5090-EMGTC,No
5543-QDCRY,No
5248-YGIJN,No
8597-CTXVJ,No
9668-PUGNU,No
2519-FAKOD,Yes
4325-NFSKC,Yes
7379-POKDZ,Yes
1548-ARAGG,No
5175-AOBHI,Yes
9512-UIBFX,Yes
5313-FPXWG,No
5889-LFOLL,Yes
2789-HQBOU,No
0875-CABNR,Yes
0487-RPVUM,No
1680-VDCWW,No
4139-SUGLD,Yes
4661-NJEUX,No
4079-WWQQQ,No
1236-WFCDV,Yes
6330-JKLPC,Yes
1004-NOZNR,No
5650-YLIBA,No
0690-SRQID,No
3179-GBRWV,No
8966-OIQHG,No
1084-UQCHV,Yes
6507-ZJSUR,No
6114-TCFID,No
7025-WCBNE,No
9052-VKDUW,No
5999-LCXAO,No
0277-BKSQP,No
5593-SUAOO,No
9965-YOKZB,Yes
9026-RNUJS,Yes
8922-LIEGH,Yes
6993-OHLXR,Yes
7762-ONLJY,No
7216-KAOID,No
9873-MNDKV,No
3565-UNOCC,Yes
7061-OVMIM,No
0675-NCDYU,No
5740-YHGTW,No
9881-VCZEP,No
8901-HJXTF,Yes
1563-IWQEX,No
2886-KEFUM,Yes
6845-RGTYS,Yes
0742-LAFQK,No
5366-OBVMR,No
0310-SUCIN,No
9787-XVQIU,Yes
6752-APNJL,No
3427-GGZZI,No
2984-TBYKU,No
2368-GAKKQ,No
4295-YURET,No
8671-KKKOS,No
7017-VFULY,No
6519-ZHPXP,No
3865-ZYKAD,No
2654-VBVPB,No
6532-YLWSI,Yes
4716-MRVEN,No
4950-BDEUX,No
4123-DVHPH,No
1169-WCVAK,No
3642-GKTCT,No
5515-RUGKN,No
6481-ESCNL,No
2419-FSORS,No
0107-YHINA,Yes
8160-HOWOX,No
3890-RTCMS,No
3787-TRIAL,No
2187-LZGPL,Yes
9134-CEQMF,Yes
4377-VDHYI,No
9053-JZFKV,Yes
8849-PRIQJ,No
7901-IIDQV,No
8246-SHFGA,No
2843-CQMEG,No
6635-CPNUN,No
4083-BFNYK,No
2321-OMBXY,Yes
7493-TPUWZ,Yes
8809-RIHDD,Yes
0302-JOIVN,Yes
4462-CYWMH,No
7964-ZRKKG,No
4054-CUMIA,No
5173-WXOQV,No
5199-FPUSP,No
9964-WBQDJ,No
3530-CRZSB,No
6047-YHPVI,Yes
2074-GUHPQ,No
5993-BQHEA,No
2144-BFDSO,No
5382-TEMLV,No
2208-UGTGR,No
0604-THJFP,No
8603-IJWDN,Yes
6457-USBER,Yes
9350-VLHMB,No
7338-ERIVA,No
8670-MEFCP,No
3913-FCUUW,No
2632-UCGVD,Yes
5624-RYAMH,No
3118-UHVVQ,No
6258-NGCNG,No
3717-OFRTN,No
9462-MJUAW,Yes
8149-AIQCG,No
2351-RRBUE,No
3108-PCCGG,No
4433-JCGCG,Yes
1131-SUEKT,No
1964-SVLEA,No
7486-KSRVI,Yes
2236-HILPA,No
2253-KPMNB,No
3090-LETTY,No
6259-WJQLC,No
5923-GXUOC,Yes
9938-TKDGL,No
2157-MXBJS,Yes
3668-QPYBK,Yes
3521-HTQTV,No
7408-OFWXJ,No
5074-FBGHB,No
7717-BICXI,No
5356-CSVSQ,No
7321-VGNKU,No
7188-CBBBA,No
5549-ZGHFB,No
5297-MDOIR,No
0924-BJCRC,No
4950-HKQTE,No
7495-OOKFY,Yes
2474-LCNUE,No
0004-TLHLJ,Yes
9137-NOQKA,No
0519-DRGTI,No
5709-LVOEQ,No
7854-EKTJL,Yes
4335-BSMJS,No
5599-HVLTW,No
4299-OPXEJ,No
8621-MNIHH,Yes
7820-ZYGNY,No
5170-PTRKA,No
0899-LIIBW,No
3961-SXAXY,No
5727-MYATE,No
9763-GRSKD,No
1625-JAIIY,Yes
4763-PGDPO,Yes
7382-DFJTU,No
5883-GTGVD,Yes
7957-RYHQD,Yes
3423-HHXAO,No
0842-IWYCP,No
2202-CUYXZ,Yes
5568-DMXZS,No
4500-HKANN,No
4849-PYRLQ,No
0225-ZORZP,No
9018-PCIOK,No
1456-TWCGB,No
7781-HVGMK,No
3525-DVKFN,No
5716-EZXZN,No
8305-VHZBZ,Yes
5343-SGUBI,No
6479-OAUSD,No
5443-SCMKX,No
4872-JCVCA,No
8617-ENBDS,No
0820-FNRNX,No
7465-ZZRVX,No
5453-AXEPF,No
9705-ZJBCG,No
2506-TNFCO,Yes
8680-CGLTP,No
5236-PERKL,Yes
6625-UTXEW,No
7156-MHUGY,Yes
3785-KTYSH,No
7633-MVPUY,No
7067-KSAZT,Yes
5482-NUPNA,Yes
4522-AKYLR,No
2005-DWQZJ,No
6377-WHAOX,No
3753-TSEMP,Yes
0488-GSLFR,Yes
4397-FRLTA,No
3551-GAEGL,No
2903-YYTBW,No
5981-ZVXOT,No
8903-XEBGX,No
6016-LVTJQ,No
3721-CNZHX,No
9351-LZYGF,No
7706-YLMQA,No
7129-AZJDE,No
3148-BLQJT,Yes
1307-TVUFB,No
1098-TDVUQ,No
2550-AEVRU,No
8257-RZAHR,Yes
0463-ZSDNT,No
7184-LRUUR,No
5577-OTWWW,Yes
7471-WNSUF,No
6210-KBBPI,Yes
8788-DOXSU,No
5380-WJKOV,Yes
3178-FESZO,Yes
6821-JPCDC,No
4674-HGNUA,No
0774-RMNUW,No
8775-CEBBJ,Yes
5018-HEKFO,No
8454-AATJP,No
3082-VQXNH,No
3164-YAXFY,No
9853-JFZDU,No
7138-GIRSH,No
2215-ZAFGX,No
8205-MQUGY,No
0575-CUQOV,No
1322-AGOQM,Yes
4198-VFOEA,No
2450-ZKEED,No
7074-STDCN,No
1842-EZJMK,Yes
0168-XZKBB,No
2664-XJZNO,No
3643-AHCFP,Yes
9207-ZPANB,No
5322-ZSMZY,No
3066-RRJIO,Yes
2469-DTSGX,No
5061-PBXFW,No
7128-GGCNO,No
3597-MVHJT,No
4302-ZYFEL,No
1273-MTETI,Yes
6986-IXNDM,No
2277-AXSDC,No
6729-FZWSY,No
1156-ZFYDO,No
9386-LDCZR,No
3623-FQBOX,No
5948-UJZLF,No
9928-BZVLZ,No
7746-AWNQW,No
2107-FBPTK,No
1965-DDBWU,Yes
6302-JGYRJ,Yes
6502-KUGLL,No
9866-OCCKE,No
9173-IVZVP,No
3893-JRNFS,No
4137-JOPHL,No
4323-OHFOW,No
1972-XMUWV,No
1915-IOFGU,Yes
7982-VCELR,No
0699-NDKJM,No
4633-MKHYU,No
9269-CQOOL,Yes
2995-YWTCD,No
5989-AXPUC,No
1771-OADNZ,Yes
2739-CACDQ,No
8029-XYPWT,No
3801-HMYNL,Yes
6898-RBTLU,No
4822-NGOCH,Yes
1116-DXXDF,No
1306-RPWXZ,No
5934-RMPOV,No
6897-RWMUB,No
7893-IXHRQ,Yes
1875-QIVME,Yes
4291-YZODP,No
1635-NZATJ,No
9847-HNVGP,No
3519-ZKXGG,Yes
8092-NLTGF,No
1371-WEPDS,No
8317-BVKSO,No
2692-AQCPF,No
0434-CSFON,No
2120-SMPEX,No
3295-YVUSR,No
4785-QRJHC,Yes
5793-YOLJN,No
1656-DRSMG,No
9073-ZZIAY,No
0447-BEMNG,Yes
0365-GXEZS,No
6339-TBELP,No
9470-XCCEM,No
8224-IVVPA,No
1568-LJSZU,No
9770-LXDBK,No
5006-MXVRN,No
0440-UEDAI,No
0431-APWVY,Yes
5399-ZIMKF,No
2428-ZMCTB,No
0121-SNYRK,No
8456-QDAVC,No
4644-PIZRT,No
4827-USJHP,No
6621-NRZAK,No
0744-BIKKF,No
1455-HFBXA,No
7328-ZJAJO,No
6440-DKQGE,No
3452-GWUIN,No
9746-MDMBK,No
9388-ZEYVT,No
3474-BAFSJ,No
9102-OXKFY,No
7517-LDMPS,No
6968-URWQU,No
8060-HIWJJ,No
4020-KIUDI,No
1363-TXLSL,Yes
7527-QNRUS,No
8651-ENBZX,Yes
3892-NXAZG,No
8740-XLHDR,Yes
1163-VIPRI,No
6218-KNUBD,No
8640-SDGKB,Yes
2249-YPRNG,Yes
4785-FCIFB,No
3419-SNJJD,Yes
2121-JAFOM,No
3389-YGYAI,Yes
9033-EOXWV,Yes
6179-GJPSO,Yes
9667-EQRXU,Yes
7824-PANSQ,No
2361-UPSND,No
9360-OMDZZ,No
7614-QVWQL,Yes
0644-OQMDK,No
8865-TNMNX,No
1114-CENIM,Yes
3933-DQPWX,No
7716-YTYHG,Yes
7927-AUXBZ,Yes
5630-AHZIL,No
2320-JRSDE,Yes
9013-AQORL,No
3301-LSLWQ,No
6734-CKRSM,No
7228-PAQPD,No
5628-RKIFK,No
5346-BZCHP,No
0739-UUAJR,No
9795-SHUHB,No
9391-LMANN,No
8519-IMDHU,Yes
0621-JFHOL,No
4011-ARPHK,No
6384-VMJHP,No
4338-EYCER,No
4074-SJFFA,Yes
6504-VBLFL,No
3457-PQBYH,No
4505-EXZHB,Yes
1429-UYJSV,No
4654-GGUII,No
4029-HPFVY,No
4547-FZJWE,No
7341-LXCAF,Yes
2408-WITXK,Yes
2988-GBIVW,No
2589-AYCRP,No
7684-XSZIY,No
7632-MNYOY,Yes
2720-WGKHP,Yes
1121-QSIVB,No
4597-ELFTS,Yes
5600-PDUJF,No
3452-FLHYD,No
7435-ZNUYY,No
3926-CUQZX,Yes
9651-GTSAQ,Yes
1113-IUJYX,Yes
3745-HRPHI,No
8375-KVTHK,No
9972-NKTFD,No
4592-IWTJI,Yes
9058-MJLZC,No
9026-LHEVG,No
4623-ZKHLY,No
8677-HDZEE,No
3470-BTGQO,No
3372-KWFBM,Yes
6024-RUGGH,No
8950-MTZNV,No
6088-BXMRG,No
6124-ACRHJ,No
9467-ROOLM,No
9798-DRYDS,No
2037-XJFUP,Yes
3059-NGMXB,No
6115-ZTBFQ,No
7975-TZMLR,No
2359-QWQUL,Yes
5955-EPOAZ,No
2907-ILJBN,No
4619-EVPHY,No
5339-TJFEK,No
1334-FJSVR,Yes
7758-UJWYS,No
1785-BPHTP,No
3941-XTSKM,No
9381-NDKME,Yes
2101-RANCD,No
2362-IBOOY,Yes
0733-VUNUW,Yes
4923-ADWXJ,No
1403-LKLIK,No
9885-CSMWE,Yes
5804-LEPIM,Yes
7641-TQFHN,No
4701-AHWMW,Yes
2824-DXNKN,No
3487-EARAT,No
2141-RRYGO,Yes
3834-XUIFC,Yes
7647-GYYKX,No
4077-CROMM,Yes
4667-QONEA,No
0374-AACSZ,No
5397-TUPSH,No
5777-ZPQNC,No
9242-TKFSV,No
2320-YKQBO,No
1394-SUIUH,No
0187-QSXOE,No
9817-APLHW,No
0440-EKDCF,No
6231-WFGFH,No
2041-JIJCI,No
5159-YFPKQ,Yes
2446-PLQVO,Yes
7136-IHZJA,No
2049-BAFNW,No
7319-ZNRTR,No
2676-OXPPQ,No
8728-SKJLR,No
8344-WFMFH,No
4988-IQIGL,Yes
6202-DYYFX,No
1024-KPRBB,No
3934-HXCFZ,Yes
2661-GKBTK,No
5499-ECUTN,No
0244-LGNFY,No
5804-HYIEZ,No
9617-INGJY,No
4952-YSOGZ,Yes
8584-KMVXD,No
3726-TBHQT,No
4529-CKBCL,Yes
3280-NMUVX,No
0585-EGDDA,No
2243-FNMMI,No
1818-ESQMW,No
6874-SGLHU,No
8990-ZXLSU,No
7398-SKNQZ,No
3823-KYNQY,No
6885-PKOAM,No
3812-LRZIR,No
9362-MWODR,No
0946-FKYTX,No
8174-TBVCF,No
0734-OXWBT,No
3682-YEUWS,No
4541-RMRLG,Yes
0898-XCGTF,No
5309-TAIKL,No
4815-YOSUK,No
5996-DAOQL,No
1582-RAFML,Yes
8258-GSTJK,Yes
0071-NDAFP,No
0032-PGELS,Yes
6574-MCOEH,No
1730-ZMAME,No
2207-RYYRL,No
5569-OUICF,Yes
4514-GFCFI,Yes
9138-EFSMO,No
8740-CRYFY,Yes
4057-FKCZK,No
5647-FXOTP,No
5222-IMUKT,No
1237-WIYYZ,No
0295-PPHDO,Yes
9758-MFWGD,No
8623-TMRBY,Yes
6034-ZRYCV,Yes
7703-ZEKEF,Yes
4143-OOBWZ,Yes
4895-TMWIR,Yes
5385-SUIRI,Yes
3926-YZVVX,No
0621-HJWXJ,No
1548-FEHVL,No
5429-LWCMV,No
5797-APWZC,Yes
4558-CGYCZ,No
8544-GOQSH,No
4656-CAURT,No
6738-ISCBM,No
8510-AWCXC,Yes
8118-TJAFG,No
4018-KJYUY,No
4255-DDUOU,Yes
6702-OHFWR,Yes
2530-ENDWQ,Yes
8148-NLEGT,No
1761-AEZZR,Yes
6358-LYNGM,Yes
9490-DFPMD,Yes
3272-VUHPV,No
3756-VNWDH,No
1840-BIUOG,No
2004-OCQXK,Yes
8401-EMUWF,No
6546-OPBBH,No
7868-BGSZA,No
1370-GGAWX,No
7109-CQYUZ,No
4318-RAJVY,No
2378-HTWFW,No
7113-HIPFI,No
5473-KHBPS,No
2001-MCUUW,No
0263-FJTQO,No
0871-URUWO,Yes
4412-YLTKF,Yes
7392-YYPYJ,No
9435-JMLSX,No
7109-MFBYV,No
1608-GMEWB,No
4311-QTTAI,No
1169-SAOCL,No
9146-JRIOX,No
4690-LLKUA,Yes
8165-ZJRNM,No
6322-PJJDJ,No
0052-YNYOT,No
3689-MOZGR,No
3644-QXEHN,No
9802-CAQUT,No
0104-PPXDV,No
9548-ZMVTX,No
0021-IKXGC,No
4785-NKHCX,No
9695-IDRZR,No
3810-DVDQQ,No
7921-LMDFQ,No
8976-OQHGT,Yes
0697-ZMSWS,Yes
9189-JWSHV,Yes
4023-RTIQM,No
4349-GFQHK,Yes
8080-DDEMJ,Yes
9871-ELEYA,No
8685-WHQPW,Yes
1855-CFULU,No
9848-JQJTX,No
5345-BMKWB,No
9136-ALYBR,Yes
0495-RVCBF,Yes
2712-SYWAY,No
9846-GKXAS,Yes
1932-UEDCX,No
3567-PQTSO,No
4685-ERGHK,No
0233-FTHAV,No
6166-YIPFO,No
0674-DGMAQ,No
7064-FRRSW,No
1431-CYWMH,No
6723-CEGQI,No
9359-JANWS,No
8562-GHPPI,No
1013-QCWAM,No
4043-MKDTV,No
3211-ILJTT,Yes
4208-UFFGW,Yes
1810-BOHSY,No
1047-NNCBF,No
5945-AZYHT,No
2659-VXMWZ,Yes
5564-NEMQO,Yes
4301-VVZKA,No
9220-ZNKJI,No
4431-EDMIQ,No
8100-HZZLJ,No
4351-QLCSU,Yes
4815-GBTCD,No
5135-GRQJV,No
8133-ANHHJ,No
3927-NLNRY,Yes
4611-ANLQC,No
1265-XTECC,Yes
3259-KNMRR,No
5445-UTODQ,Yes
6569-KTMDU,No
2969-WGHQO,No
2560-WBWXF,No
6849-OYAMU,Yes
3420-YJLQT,No
0266-CLZKZ,No
5196-WPYOW,No
9609-BENEA,No
6465-GSRCL,No
7321-PKUYW,Yes
7622-FWGEW,No
5133-VRSAB,No
4883-KCPZJ,No
5003-XZWWO,No
8741-LQOBK,No
6408-OTUBZ,No
0430-IHCDJ,No
7011-CVEUC,No
5871-DGTXZ,No
1907-YLNYW,No
9575-IWCAZ,No
2637-FKFSY,No
1357-MVDOZ,No
1379-FRVEB,No
0634-SZPQA,Yes
9214-EKVXR,No
6967-PEJLL,No
5457-COLHT,No
8766-PAFNE,No
5590-ZSKRV,No
6505-OZNPG,No
5641-DMBFJ,No
9831-BPFRI,Yes
2322-VCZHZ,No
1764-VUUMT,No
6418-HNFED,No
6437-UKHMV,Yes
1272-ILHFG,No
1591-NFNLQ,Yes
7234-KMNRQ,No
1310-QRITU,No
8178-EYZUO,Yes
1400-MMYXY,Yes
9953-ZMKSM,No
1527-SXDPN,Yes
1703-MGIAB,No
7156-MXBJE,No
8232-UTFOZ,No
3486-HOOGQ,No
7356-AYNJP,No
6685-XSHHU,No
5590-YRFJT,Yes
6265-SXWBU,No
6891-JPYFF,No
6656-JWRQX,No
7743-EXURX,Yes
6127-IYJOZ,No
2576-HXMPA,No
8022-BECSI,No
0786-VSSUD,Yes
9924-JPRMC,No
9314-QDMDW,No
5339-PXDVH,No
2017-CCBLH,No
5020-ZSTTY,Yes
5930-GBIWP,No
6961-VCPMC,Yes
0254-WWRKD,No
5248-KWLAR,No
1302-UHBDD,No
9158-VCTQB,Yes
7273-TEFQD,Yes
6537-OTKMY,No
6298-QDFNH,Yes
8854-CCVSQ,Yes
9734-YWGEX,Yes
9040-KZVWO,No
0308-GIQJT,No
0307-BCOPK,No
3219-JQRSL,No
1839-UMACK,No
5014-WUQMG,No
0420-TXVSG,No
6633-MPWBS,Yes
8650-RHRKE,Yes
4530-NDRKU,No
9955-QOPOY,No
3680-CTHUH,No
5961-VUSRV,No
1589-AGTLK,Yes
7055-VKGDA,Yes
1641-BYBTK,No
5919-VCZYM,No
0716-BQNDX,No
8838-GPHZP,No
5274-XHAKY,No
8929-KSWIH,No
6916-HIJSE,No
2228-BZDEE,No
1346-PJWTK,No
1561-BWHIN,No
2882-DDZPG,No
9648-BCHKM,No
1930-QPBVZ,No
5299-RULOA,Yes
1626-ERCMM,Yes
8019-ENHXU,Yes
7795-CFOCW,No
0906-QVPMS,No
4118-CEVPF,No
5968-XQIVE,No
9305-CDSKC,Yes
3521-SYVOR,Yes
5149-TGWDZ,No
1265-BCFEO,No
6873-UDNLD,No
7143-BQIBA,No
4526-ZJJTM,No
7576-ASEJU,No
9190-MFJLN,Yes
6242-MBHPK,No
1400-WIVLL,No
3489-HHPFY,No
7560-QJAVJ,No
3722-WPXTK,Yes
0748-RDGGM,Yes
6719-FGEDO,No
5130-IEKQT,Yes
4391-RESHN,Yes
7941-RCJOW,No
1760-CAZHT,No
2774-LVQUS,Yes
6128-AQBMT,No
0674-EYYZV,No
1661-CZBAU,No
5949-EBSQK,Yes
8573-JGCZW,No
6661-HBGWL,Yes
7989-AWGEH,No
4703-MQYKT,No
6993-YCOBK,No
5356-KZCKT,No
5124-EOGYE,No
4455-BFSPD,No
4423-JWZJN,No
4891-NLUBA,No
3200-MNQTF,No
1073-XXCZD,No
3556-BVQGL,No
6416-YJTTB,No
0017-IUDMW,No
9297-FVVDH,No
1282-IHQAC,No
1936-UAFEH,No
8937-RDTHP,Yes
8627-ZYGSZ,No
7459-RRWQZ,Yes
1085-LDWAM,No
3656-TKRVZ,Yes
4760-XOHVN,Yes
4622-YNKIJ,No
1172-VIYBP,No
6729-GDNGC,No
9497-QCMMS,Yes
3587-PMCOY,No
3043-SUDUA,No
7901-TBKJX,No
0825-CPPQH,No
2398-YPMUR,Yes
8006-PYCSW,No
3853-LYGAM,No
5493-SDRDQ,Yes
1335-HQMKX,No
2812-ENYMO,No
0568-ONFPC,Yes
6023-YEBUP,Yes
6103-BOCOU,No
2581-VKIRT,No
4353-HYOJD,No
4188-FRABG,No
4855-SNKMY,Yes
5995-WWKKG,No
0311-QYWSS,No
3583-KRKMD,No
5828-AVIPD,Yes
8311-UEUAB,No
8910-LEDAG,No
7639-SUPCW,Yes
0750-EBAIU,No
9200-NLNPD,No
1658-BYGOY,Yes
4913-EHYUI,Yes
8266-VBFQL,No
1229-RCALF,No
6754-LZUKA,No
7005-CYUIL,No
5832-XKAES,Yes
8979-CAMGB,No
1216-BGTSP,No
9229-RQABD,No
3727-OVPRY,No
3891-NLXJB,No
8219-VYBVI,No
4822-YCXMX,Yes
0428-IKYCP,No
3146-JTQHR,No
7813-TKCVO,No
1465-LNTLJ,No
3126-WQMGH,No
8777-MBMTS,No
4706-DGAHW,No
4192-GORJT,Yes
2057-BOYKM,No
7566-DSRLQ,No
5447-WZAFP,No
1228-ZLNBX,No
9844-FELAJ,No
5136-KCKGI,Yes
6825-UYPFK,Yes
1716-LSAMB,No
8008-OTEZX,No
4488-PSYCG,Yes
5855-EIBDE,No
4667-OHGKG,Yes
0909-SELIE,No
8395-ETZKQ,No
2465-BLLEU,No
5110-CHOPY,No
3088-FVYWK,No
2357-COQEK,Yes
7538-GWHML,Yes
9605-WGJVW,No
4547-LYTDD,Yes
0464-WJTKO,No
0314-TKOSI,No
2081-VEYEH,No
5131-PONJI,No
8280-MQRQN,Yes
2267-FPIMA,No
0282-NVSJS,No
5389-FFVKB,Yes
9625-QNLUX,No
4013-GUXND,No
2361-FJWNO,No
5404-GGUKR,No
9065-ZCPQX,No
5597-GLBUC,Yes
8819-ZBYNA,No
1131-ALZWV,No
0013-EXCHZ,Yes
0962-CQPWQ,No
7030-FZTFM,No
3923-CSIHK,Yes
9800-OUIGR,No
6080-TCMYC,No
0635-WKOLD,No
5696-CEIQJ,No
4840-ORQXB,No
3774-VBNXY,No
8875-AKBYH,No
7375-WMVMT,No
1163-ONYEY,No
1814-WFGVS,No
1337-BOZWO,No
9470-YFUYI,No
6374-AFWOX,No
3190-ITQXP,No
6195-MELTI,No
2200-DSAAL,No
7537-RBWEA,No
1087-GRUYI,No
9029-FEGVJ,No
9588-OZDMQ,No
9272-LSVYH,No
3910-MRQOY,No
4616-ULAOA,No
5628-FCGYG,No
1945-XISKS,No
4123-FCVCB,No
6402-ZFPPI,Yes
1200-TUZHR,No
7617-EYGLW,No
4293-ETKAP,No
7580-UGXNC,Yes
7599-NTMDP,No
0362-ZBZWJ,Yes
7190-XHTWJ,No
3950-VPYJB,No
8512-WIWYV,No
8782-LKFPK,No
1251-KRREG,Yes
4361-BKAXE,Yes
4373-MAVJG,Yes
5018-GWURO,No
8972-HJWNV,Yes
7706-DZNKK,No
5039-LZRQT,No
5360-LJCNJ,No
9092-GDZKO,No
0959-WHOKV,No
5312-TSZVC,No
1063-DHQJF,No
5934-TSSAU,No
8496-EJAUI,Yes
5135-RDDQL,No
2256-YLYLP,No
0318-QUUOB,Yes
5087-SUURX,Yes
0114-IGABW,No
5003-OKNNK,No
5647-URDKA,No
9961-JBNMK,Yes
3462-BJQQA,No
9309-BZGNT,No
1209-VFFOC,No
7814-LEEVE,No
4636-TVXVG,No
4000-VGMQP,No
2952-QAYZF,Yes
5567-WSELE,Yes
9659-QEQSY,No
5624-BQSSA,Yes
7020-OZKXZ,No
0599-XNYDO,No
6987-XQSJT,Yes
5495-GPSRW,No
6583-SZVGP,No
8904-OPDCK,No
0248-IPDFW,No
1478-VPOAD,No
7601-WFVZV,No
8859-YSTWS,No
1622-HSHSF,No
9938-ZREHM,No
9441-QHEVC,No
8874-EJNSR,No
3446-QDSZF,No
8277-RVRSV,No
6082-GLJIX,No
0742-MOABM,Yes
6922-NCEDI,No
3884-HCSWG,Yes
6893-ODYYE,No
0794-YVSGE,No
9494-MRNYX,No
7267-FRMJW,No
1987-AUELQ,No
6286-ZHAOK,No
7508-MYBOG,Yes
6388-TABGU,No
0420-BWTPW,Yes
8058-DMYRU,No
5734-EJKXG,No
4111-BNXIF,No
8050-DVOJX,No
7975-JMZNT,No
3384-CTMSF,No
2782-JEEBU,No
5649-RXQTV,No
4824-GUCBY,No
6394-HHHZM,No
9405-GPBBG,No
3896-RCYYE,No
8774-GSBUN,No
5338-YHWYT,No
4750-UKWJK,No
1866-RZZQS,Yes
2360-RDGRO,No
3079-BCHLN,No
3943-KDREE,Yes
2691-NZETQ,Yes
5394-MEITZ,No
4826-XTSOH,Yes
3249-VHRIP,No
2079-FBMZK,Yes
9770-KXGQU,No
3522-CDKHF,No
8199-ZLLSA,Yes
7083-YNSKY,Yes
5533-RJFTJ,No
6214-EDAKZ,Yes
8984-EYLLL,No
3744-ZRRDZ,Yes
2454-RPBRZ,Yes
4760-THGOT,No
7073-QETQY,No
5980-NOPLP,Yes
4933-IKULF,No
4749-VFKVB,Yes
8276-MQBYC,Yes
4083-EUGRJ,Yes
9518-RWHZL,Yes
9552-TGUZV,No
8647-SDTWQ,No
4560-WQAQW,No
4942-VZZOM,No
9629-NHXFW,No
2226-ICFDO,No
2867-UIMSS,Yes
6814-ZPWFQ,No
4471-KXAUH,Yes
3090-QFUVD,No
6766-HFKLA,No
7048-GXDAY,No
9495-REDIY,No
7471-MQPOS,No
5651-CPDND,No
7586-ZATGZ,No
5220-AGAAX,No
6248-BSHKG,No
2885-HIJDH,No
6635-MYYYZ,Yes
3669-OYSJI,Yes
9617-UDPEU,No
8465-SBRXP,No
0925-VYDLG,Yes
3091-FYHKI,Yes
7025-IWFHT,No
1848-LBZHY,No
0862-PRCBS,No
0295-QVKPB,No
3058-HJCUY,Yes
7107-UBYKY,No
9866-QEVEE,Yes
5736-YEJAX,No
1506-YJTYT,No
9993-LHIEB,No
9500-IWPXQ,No
3737-XBQDD,No
4704-ERYFC,Yes
7997-EASSD,No
5378-IKEEG,Yes
8313-NDOIA,No
2237-ZFSMY,Yes
4184-VODJZ,No
2103-ZRXFN,No
4310-KEDTB,No
8190-ZTQFB,No
3125-RAHBV,No
5198-HQAEN,No
0969-RGKCU,No
3005-TYFRD,No
3038-PQIUY,No
7078-NVFAM,No
5433-KYGHE,No
7572-KPVKK,No
8337-MSSXB,Yes
2082-OJVTK,Yes
4402-FTBXC,No
5149-QYTTU,No
2558-BUOZZ,No
5649-ANRML,Yes
2959-EEXWB,No
6870-ZWMNX,No
0031-PVLZI,Yes
1431-AIDJQ,No
4332-MUOEZ,No
5451-MHQOF,No
7783-YKGDV,Yes
0927-CNGRH,No
4510-PYUSH,Yes
9089-UOWJG,No
1493-AMTIE,Yes
6823-SIDFQ,No
1247-QBVSH,No
6804-GDMOI,Yes
5402-HTOTQ,No
6379-RXJRQ,Yes
2796-UUZZO,No
0784-GTUUK,No
9674-EHPPG,No
2239-CFOUJ,No
3173-NVMPX,No
0754-UKWQP,Yes
8221-HVAYI,No
8645-KOMJQ,No
2242-MFOTG,No
9798-OPFEM,No
2636-ALXXZ,Yes
5043-TRZWM,No
2050-ONYDQ,No
0851-DFJKB,No
8993-IZEUX,No
4013-TLDHQ,Yes
1216-JWVUX,No
9767-FFLEM,No
0621-CXBKL,No
1963-SVUCV,Yes
1086-LXKFY,Yes
5266-PFRQK,No
9027-TMATR,No
0696-UKTOX,No
2737-YNGYW,Yes
1730-VFMWO,No
7593-JNWRU,Yes
4189-NAKJS,No
6817-WTYHE,No
6319-QSUSR,No
1660-HSOOQ,Yes
5294-IMHHT,No
7853-WNZSY,No
7901-HXJVA,No
8595-SIZNC,No
2636-SJDOU,No
5130-YPIRV,No
7541-YLXCL,Yes
2612-RRIDN,Yes
7037-MTYVW,No
9944-AEXBM,No
6701-DHKWQ,No
9067-YGSCA,No
2675-OTVVJ,No
9025-ZRPVR,Yes
2977-CEBSX,No
4936-YPJNK,No
8845-LWKGE,No
8212-DJRCH,No
3120-FAZKD,No
7721-JXEAW,Yes
3472-QPRCH,No
6733-LRIZX,No
0719-SYFRB,Yes
7547-EKNFS,Yes
9861-PDSZP,No
2162-FRZAA,No
5144-PQCDZ,No
2197-OMWGI,No
0484-FFVBJ,No
7693-LCKZL,Yes
2266-SJNAT,No
9444-JTXHZ,Yes
4201-JMNGR,Yes
3508-VLHCZ,No
0206-OYVOC,No
6834-NXDCA,Yes
2669-QVCRG,No
4079-VTGLK,No
9728-FTTVZ,Yes
8050-WYBND,No
2812-SFXMJ,No
5606-AMZBO,No
4081-DYXAV,Yes
6584-VQMYT,No
7798-JVXYM,No
7663-CUXZB,No
8433-WXGNA,Yes
6828-HMKWP,No
2831-EBWRN,No
3729-OWRVL,No
6645-MXQJT,No
2172-EJXVF,No
2684-EIWEO,Yes
5233-AOZUF,No
4236-XPXAV,Yes
6198-RTPMF,No
3580-GICBM,No
2311-QYMUQ,Yes
8902-ZEOVF,No
9592-ERDKV,No
6464-KEXXH,No
5256-SKJGO,No
5249-QYHEX,No
1784-BXEFA,No
1262-OPMFY,Yes
9972-VAFJJ,No
8620-RJPZN,No
9522-ZSINC,No
2188-SXWVT,No
3486-KHMLI,No
3115-CZMZD,No
7175-NTIXE,No
2920-RNCEZ,No
2516-VQRRV,Yes
2888-ADFAO,No
2190-PHBHR,No
1254-IZEYF,Yes
2520-SGTTA,No
9646-NMHXE,No
8749-TZYEC,No
9708-KFDBY,No
0778-NELLA,Yes
8676-OOQEJ,No
1580-BMCMR,No
7730-IUTDZ,Yes
2351-BKRZW,No
3255-GRXMG,No
0420-HLGXF,No
3292-PBZEJ,No
7854-FOKSF,Yes
4806-HIPDW,Yes
7233-IOQNP,No
8332-OSJDW,No
2252-NKNSI,No
8200-LGKSR,No
6308-CQRBU,No
0730-KOAVE,No
1897-RCFUM,No
0807-ZABDG,Yes
8909-BOLNL,No
4322-RCYMT,Yes
5465-BUBFA,No
6979-ZNSFF,Yes
0626-QXNGV,No
1184-PJVDB,Yes
3863-IUBJR,Yes
0536-ACXIP,No
4248-QPAVC,Yes
1032-MAELW,No
6771-XWBDM,Yes
9710-ZUSHQ,Yes
6876-ADESB,Yes
6777-TGHTM,Yes
3229-USWAR,No
8624-GIOUT,Yes
6695-AMZUF,No
2451-YMUXS,No
6407-GSJNL,No
2988-PLAHS,No
5032-MIYKT,No
1088-AUUZZ,No
1583-IHQZE,Yes
7587-AOVVU,No
1448-CYWKC,No
5850-BDWCY,No
7503-EPSZW,No
4828-FAZPK,No
3410-MHHUM,No
6648-INWPS,No
1328-EUZHC,No
2122-SZZZD,No
1028-FFNJK,No
4747-LCAQL,No
3677-TNKIO,Yes
2235-ZGKPT,Yes
0815-MFZGM,No
5774-XZTQC,No
2916-BQZLN,No
0999-QXNSA,No
7919-ZODZZ,No
8903-WMRNW,No
2027-FECZV,Yes
1218-VKFPE,Yes
6979-TNDEU,No
4182-BGSIQ,No
0531-ZZJWQ,No
9110-HSGTV,No
4616-EWBNJ,No
7740-KKCXF,No
2400-XIWIO,No
9378-FXTIZ,Yes
3716-UVSPD,No
6261-LHRTG,No
7845-URHJN,Yes
6838-HVLXG,No
5956-VKDTT,Yes
6522-OIQSX,No
1751-NCDLI,No
4829-AUOAX,Yes
7426-RHZGU,No
7409-JURKQ,No
8807-ARQET,No
3097-FQTVJ,No
8756-RDDLT,No
9560-BBZXK,No
4381-MHQDC,No
5295-PCJOO,Yes
6013-BHCAW,No
3672-YITQD,Yes
9753-OYLBX,No
1965-AKTSX,Yes
9101-BWFSS,Yes
9445-ZUEQE,No
1682-VCOIO,No
8676-TRMJS,Yes
4480-MBMLB,No
8155-IBNHG,Yes
7207-RMRDB,Yes
3606-SBKRY,No
6741-QRLUP,No
2969-VAPYH,No
8361-LBRDI,No
0207-MDKNV,Yes
1384-RCUXW,No
2082-CEFLT,Yes
6854-EXGSF,No
9237-HQITU,Yes
5117-ZSMHQ,No
5619-XZZKR,No
3889-VWBID,No
6728-CZFEI,No
5639-NTUPK,No
1552-TKMXS,No
2480-SQIOB,No
0237-YFUTL,No
9842-EFSYY,No
7501-VTYLJ,No
0386-CWRGM,No
3685-YLCMQ,Yes
2233-TXSIU,No
7977-HXJKU,No
7851-WZEKY,Yes
2378-YIZKA,No
6030-REHUX,No
2129-ALKBS,No
2926-JEJJC,No
9821-POOTN,Yes
7905-TVXTA,No
3190-FZATL,No
9375-MHRRS,No
6625-IUTTT,No
2055-BFOCC,No
8382-SHQEH,Yes
7129-ACFOG,No
3727-RJMEO,Yes
5002-GCQFH,No
1697-LYYYX,No
4702-IOQDC,Yes
8439-LTUGF,No
6650-BWFRT,No
7247-XOZPB,No
5895-QSXOD,No
2876-VBBBL,Yes
3345-JHUEO,No
8963-MQVYN,No
8397-MVTAZ,Yes
8481-YYXWG,Yes
4140-WJAWW,Yes
8958-JPTRR,No
5271-DBYSJ,No
5844-QVTAT,No
3259-QMXUN,No
8695-ARGXZ,No
5982-XMDEX,No
3754-DXMRT,Yes
7395-IGJOS,Yes
5125-CNDSP,No
7980-MHFLQ,No
5977-CKHON,No
8670-ERCJH,No
3077-RSNTJ,No
8896-BQTTI,No
6839-ITVZJ,Yes
7765-LWVVH,No
6664-FPDAC,Yes
4211-MMAZN,Yes
0365-BZUWY,No
3518-PZXZQ,No
3638-VBZTA,No
2481-SBOYW,No
0308-IVGOK,No
7876-BEUTG,No
1663-MHLHE,No
5153-RTHKF,No
6734-PSBAW,No
9052-DHNKM,No
9494-BDNNC,No
1471-GIQKQ,No
9795-NREXC,No
3043-TYBNO,No
3318-ISQFQ,No
4800-CZMPC,Yes
7100-FQPRV,No
3082-WQRVY,No
1399-OUPJN,No
8338-QIUNR,No
2509-TFPJU,No
6516-NKQBO,No
1226-UDFZR,Yes
8098-LLAZX,Yes
8663-UPDGF,No
9572-WUKSB,No
6100-FJZDG,No
3635-JBPSG,No
1956-YIFGE,No
7996-BPXHY,No
2235-DWLJU,No
8883-GRDWQ,No
0784-ZQJZX,No
0380-NEAVX,No
5552-ZNFSJ,Yes
8191-XWSZG,No
3148-AOIQT,No
9710-NJERN,No
5458-CQJTA,Yes
2072-ZVJJX,No
3196-NVXLZ,No
7005-CCBKV,Yes
7359-SSBJK,Yes
3799-ISUZQ,Yes
5651-YLPRD,No
6000-UKLWI,No
4432-ADRLB,Yes
6778-JFCMK,No
2220-IAHLS,No
7029-IJEJK,No
8033-ATFAS,No
9921-ZVRHG,Yes
3701-SFMUH,No
0428-AXXLJ,No
0943-ZQPXH,No
4937-QPZPO,No
7359-WWYJV,No
3524-WQDSG,No
2000-MPKCA,No
1866-DIOQZ,No
5382-SOYZL,No
0666-UXTJO,No
7693-QPEFS,No
6211-WHMYA,No
0723-FDLAY,No
3640-JQGJG,No
7979-CORPM,Yes
4393-GEADV,No
6586-MYGKD,No
6230-BSUXY,Yes
0640-YJTPY,No
7625-XCQRH,Yes
1699-HPSBG,Yes
1291-CUOCY,No
7234-FECYN,Yes
6719-OXYBR,No
8992-VONJD,No
9140-CZQZZ,No
7129-CAKJW,No
3261-CQXOL,No
3453-RTHJQ,No
8173-RXAYP,No
2672-HUYVI,Yes
4742-TXUEX,No
4749-OJKQU,No
7852-LECYP,No
2325-NBPZG,No
6898-MDLZW,No
7049-GKVZY,No
6296-DDOOR,No
3212-KXOCR,No
6897-UUBNU,No
4061-UKJWL,No
7890-VYYWG,Yes
3282-ZISZV,No
5275-SQEIZ,Yes
4088-YLDSU,Yes
3211-AAPKX,No
4632-PAOYU,No
7426-WEIJX,No
0504-HHAPI,Yes
4274-OWWYO,Yes
1731-TVIUK,Yes
8593-WHYHV,Yes
7636-OWBPG,No
1585-MQSSU,Yes
7033-CLAMM,No
6178-KFNHS,Yes
8292-ITGYJ,No
9537-VHDTA,No
9225-BZLNZ,No
7272-QDCKA,No
4138-NAXED,No
1453-RZFON,No
8792-AOROI,No
5056-FIMPT,No
5572-ZDXHY,Yes
7010-ZMVBF,No
7994-XIRTR,No
5228-EXCET,Yes
1170-SASML,No
8165-CBKXO,No
9451-WLYRI,No
9039-ZVJDC,No
5148-HKFIR,No
9318-NKNFC,Yes
7931-PXHFC,Yes
6131-JLWZM,No
7529-ZDFXI,No
7167-PCEYD,No
4680-KUTAJ,No
1629-DQQVB,No
7964-VEXDG,No
6615-ZGEDR,Yes
4458-KVRBJ,No
9600-NAXZN,Yes
7492-TAFJD,No
3050-RLLXC,No
0550-DCXLH,No
5156-UMKOW,No
4526-RMTLL,No
9985-MWVIX,Yes
5882-CMAZQ,No
4830-FAXFM,No
4472-LVYGI,No
3173-WSSUE,No
7511-YMXVQ,Yes
9747-DDZOS,Yes
3896-ZVNET,No
6837-BJYDQ,No
9801-GDWGV,Yes
7710-JSYOA,No
5478-JJVZK,No
9828-QHFBK,No
4079-ULGFR,No
5804-JMYIO,No
2085-JVGAD,No
5377-NDTOU,No
7016-NVRIC,No
1642-HMARX,No
5811-IWXYM,No
0411-EZJZE,No
6772-KSATR,Yes
8207-DMRVL,No
3223-WZWJM,Yes
6357-JJPQT,No
2792-VPPET,No
6168-YBYNP,No
8059-UDZFY,No
0869-PAPRP,No
1482-OXZSY,No
5175-WLYXL,No
9489-JMTTN,No
9027-YFHQJ,No
4827-LTQRJ,No
3363-DTIVD,No
3199-XGZCY,No
4298-OYIFC,No
6994-FGRHH,No
2404-JIBFC,No
1015-OWJKI,No
7233-DRTRF,No
4860-YZGZM,No
4854-CIDCF,No
9507-HSMMZ,No
5115-GZDEL,No
5539-HIVAK,No
3982-DQLUS,No
4957-SREEC,No
2338-BQEZT,No
7695-PKLCZ,No
4475-NVTLU,No
8778-LMWTJ,No
9298-WGMRW,No
9974-JFBHQ,No
7101-HRBLJ,No
9978-HYCIN,No
4745-LSPLO,Yes
1038-RQOST,No
3144-AUDBS,Yes
1371-OJCEK,No
8566-YPRGL,No
7860-UXCRM,No
7993-PYKOF,Yes
6616-AALSR,No
4955-VCWBI,No
9555-SAHUZ,No
1612-EOHDH,Yes
1755-RMCXH,No
2959-MJHIC,Yes
0136-IFMYD,No
9398-MMQTO,No
8707-HOEDG,No
2391-SOORI,Yes
7047-FWEYA,No
7615-ESMYF,Yes
9565-FLVCG,No
0480-BIXDE,No
8992-OBVDG,No
6339-RZCBJ,No
1792-UXAFY,Yes
6139-ZZRBQ,No
9644-KVCNC,No
1492-KGETH,No
3347-YJZZE,No
6260-ONULR,No
5093-FEGLU,No
6892-BOGQE,No
4878-BUNFV,No
6120-RJKLU,No
0019-GFNTW,No
0201-OAMXR,Yes
2208-NKVVH,No
6345-ULYRW,Yes
2212-LYASK,No
7774-OJSXI,Yes
5063-IUOKK,No
9172-JITSM,Yes
9764-REAFF,No
5364-XYIRR,Yes
7503-ZGUZJ,Yes
6394-MFYNG,Yes
6439-PKTRR,No
3243-ZHOHY,No
4199-QHJNM,No
7622-NXQZR,No
8404-GFGCZ,No
3976-HXHCE,No
7089-XXAYG,No
5327-CNLUQ,No
8107-RZLNV,No
1143-NMNQJ,Yes
0880-FVFWF,No
9500-WBGRP,No
3030-YZADT,Yes
2402-TAIRZ,No
9060-HJJRW,No
0394-YONDK,No
2832-KJCRD,No
0376-YMCJC,Yes
1269-FOYWN,No
3717-FDJFU,No
1060-ENTOF,No
1293-BSEUN,No
9979-RGMZT,No
6950-TWMYB,No
0440-MOGPM,No
2027-WKXMW,No
4759-TRPLW,Yes
6103-LIANB,No
5013-SBUIH,Yes
9944-HKVVB,Yes
2277-BKJKN,No
0780-XNZFN,No
8010-EZLOU,Yes
6348-SNFUS,No
3714-JTVOV,Yes
1937-OTUKY,No
8606-OEGQZ,No
3957-HHLMR,No
8436-BJUMM,Yes
1080-BWSYE,No
2397-BRLOM,Yes
5271-YNWVR,Yes
1754-GKYPY,No
3262-EIDHV,No
3070-FNFZQ,No
2770-NSVDG,No
8063-RJYNF,Yes
1110-KYLGQ,No
8265-HKSOW,No
3138-BKYAV,Yes
9391-YZEJW,No
1991-VOPLL,No
5406-KGRMX,No
4929-ROART,No
6860-YRJZP,No
2302-ANTDP,Yes
2729-VNVAP,No
9323-HGFWY,No
7208-PSIHR,No
5505-OVWQW,No
3413-CSSTH,No
0015-UOCOJ,No
5998-VVEJY,Yes
2709-UQGNP,No
1139-WUOAH,No
8221-EQDGL,No
3956-MGXOG,No
1162-ECVII,No
9774-NRNAU,No
7558-IMLMT,No
9932-WBWIK,No
8634-CILSZ,Yes
4472-VESGY,No
0254-KCJGT,No
3778-FOAQW,No
3239-TPHPZ,No
6142-VSJQO,Yes
2266-FUBDZ,No
5698-BQJOH,Yes
4521-YEEHE,No
7996-MHXLW,No
2725-IWWBA,No
0388-EOPEX,Yes
5686-CMAWK,No
1929-ZCBHE,No
8041-TMEID,No
8073-IJDCM,Yes
9769-TSBZE,No
9184-GALIL,No
4121-AGSIN,No
7945-HLKEA,No
2088-IEBAU,No
0657-DOGUM,No
9137-UIYPG,No
7649-SIJJF,No
5095-ETBRJ,No
2800-QQUSO,No
5827-MWCZK,No
0384-LPITE,No
8565-WUXZU,No
7739-LAXOG,Yes
3842-IYKUE,Yes
0348-SDKOL,Yes
2192-OZITF,No
0867-MKZVY,Yes
4983-CCWMC,No
6369-MCAKO,No
1518-VOWAV,Yes
4948-WBBKL,No
7041-TXQJH,No
0812-WUPTB,Yes
5376-PCKNB,No
0137-OCGAB,Yes
8400-WZICQ,No
3422-WJOYD,No
5762-TJXGK,No
8720-RQSBJ,No
4522-XRWWI,No
0701-RFGFI,No
9909-DFRJA,No
3451-VAWLI,No
3413-BMNZE,No
3657-COGMW,No
8823-RLPWL,No
8868-GAGIO,No
9851-QXEEQ,Yes
7609-YBPXG,No
5180-UCIIQ,Yes
3084-DOWLE,No
8198-RKSZG,No
8857-CUPFQ,No
3546-GHEAE,No
6614-FHDBO,No
4958-GZWIY,Yes
4373-VVHQL,No
5839-SUYVZ,No
9481-SFCQY,No
5376-DEQCP,Yes
5872-OEQNH,No
7409-KIUTL,Yes
7779-ORAEL,No
0887-HJGAR,Yes
3886-CERTZ,Yes
0895-LNKRC,No
5501-TVMGM,No
8096-LOIST,No
1904-WAJAA,No
2612-PHGOX,No
8563-OYMQY,No
8455-HIRAQ,No
0516-QREYC,No
2371-JUNGC,No
8017-UVSZU,No
8966-KZXXA,No
2834-JRTUA,Yes
8295-FHIVV,No
8543-MSDMF,No
5380-XPJNZ,No
4367-NUYAO,No
9399-APLBT,Yes
2115-BFTIW,Yes
0902-XKXPN,No
2974-GGUXS,No
6211-WWLTF,No
7526-BEZQB,Yes
4804-NCPET,No
4660-IRIBM,No
1422-DGUBX,No
0899-WZRSD,No
8053-WWDRO,Yes
8314-DPQHL,No
3648-GZPHF,No
6847-KJLTS,No
7318-EIVKO,No
3137-NYQQI,No
9365-SRSZE,No
2876-GZYZC,No
1936-CZAKF,No
8908-SLFCJ,No
3739-YBWAB,No
3296-SILRA,Yes
8215-NGSPE,No
8652-YHIYU,No
6386-SZZKH,Yes
9076-AXYIK,No
3278-FSIXX,No
6408-WHTEF,No
6032-IGALN,Yes
0684-AOSIH,Yes
5982-PSMKW,No
8044-BGWPI,No
7450-NWRTR,Yes
4795-UXVCJ,No
NEWCHURN0,Yes
NEWCHURN1,Yes
NEWCHURN2,Yes
NEWCHURN3,Yes
NEWCHURN4,Yes
NEWCHURN5,Yes
NEWCHURN6,Yes
NEWCHURN7,Yes
NEWCHURN8,Yes
NEWCHURN9,Yes
NEWCHURN10,Yes
NEWCHURN11,Yes
NEWCHURN12,Yes
NEWCHURN13,Yes
NEWCHURN14,Yes
NEWCHURN15,Yes
NEWCHURN16,Yes
NEWCHURN17,Yes
NEWCHURN18,Yes
NEWCHURN19,Yes
NEWCHURN20,Yes
NEWCHURN21,Yes
NEWCHURN22,Yes
NEWCHURN23,Yes
NEWCHURN24,Yes
NEWCHURN25,No
NEWCHURN26,No
NEWCHURN27,No
NEWCHURN28,No
NEWCHURN29,No
NEWCHURN30,No
NEWCHURN31,No
NEWCHURN32,No
NEWCHURN33,No
NEWCHURN34,No
NEWCHURN35,No
NEWCHURN36,No
NEWCHURN37,No
NEWCHURN38,No
NEWCHURN39,No
NEWCHURN40,No
NEWCHURN41,No
NEWCHURN42,No
NEWCHURN43,No
NEWCHURN44,No
NEWCHURN45,No
NEWCHURN46,No
NEWCHURN47,No
NEWCHURN48,No
NEWCHURN49,No
